Stock Price,Strike Price,Maturity,Dividends,Volatility,Risk-free,Call Price
4732.0,1.0,0.09,0.0,0.39223606,0.0088,4731.0
4732.0,1.0,0.34,11.94909882,0.39223606,0.0088,4731.0
4732.0,1.0,0.02,0.0,0.39223606,0.0088,4731.0
2094.0,1.0,0.09,0.0,0.5297841,0.0088,2093.0
2094.0,1.0,0.34,4.4246669469999995,0.5297841,0.0088,2093.0
2094.0,1.0,0.02,0.0,0.5297841,0.0088,2093.0
294.2999878,80.0,0.34,0.0,0.523571195,0.0088,214.2500153
294.2999878,80.0,0.27,0.0,0.523571195,0.0088,214.2500153
294.2999878,80.0,0.17,0.0,0.523571195,0.0088,214.2500153
294.2999878,80.0,0.09,0.0,0.523571195,0.0088,214.2500153
294.2999878,80.0,0.02,0.0,0.523571195,0.0088,214.2500153
183.3500061,50.0,0.42,15.40875227,0.718350644,0.0088,133.25
183.3500061,50.0,0.09,0.0,0.718350644,0.0088,133.25
183.3500061,50.0,0.02,0.0,0.718350644,0.0088,133.25
183.3500061,97.0,0.09,0.0,0.718350644,0.0088,86.25000763
183.3500061,49.0,0.09,0.0,0.718350644,0.0088,134.25
183.3500061,97.0,0.02,0.0,0.718350644,0.0088,86.25000763
183.3500061,49.0,0.02,0.0,0.718350644,0.0088,134.25
183.3500061,50.0,0.34,0.0,0.718350644,0.0088,133.25
183.3500061,50.0,0.27,0.0,0.718350644,0.0088,133.25
183.3500061,50.0,0.17,0.0,0.718350644,0.0088,133.25
183.3500061,50.0,0.52,12.55527963,0.718350644,0.0088,133.25
953.5999756000001,1.0,0.09,18.59120136,0.31965615,0.0088,952.5
953.5999756000001,1.0,0.34,5.1642225989999995,0.31965615,0.0088,952.5
953.5999756000001,1.0,0.02,0.0,0.31965615,0.0088,952.5
4749.0,1.0,0.09,0.0,0.276090037,0.0088,4748.0
4749.0,1.0,0.34,2.285008985,0.276090037,0.0088,4748.0
4749.0,1.0,0.02,0.0,0.276090037,0.0088,4748.0
1437.0,14.0,1.09,5.092759735,0.278850179,0.0088,1423.0001220000001
1437.0,1.0,0.09,,0.278850179,0.0088,1436.0
1437.0,1.0,0.34,,0.278850179,0.0088,1436.0
1437.0,1.0,0.02,,0.278850179,0.0088,1436.0
2283.0,1.0,0.09,0.0,0.486034798,0.0088,2282.0
2283.0,1.0,0.34,0.0,0.486034798,0.0088,2282.0
2283.0,1.0,0.02,0.0,0.486034798,0.0088,2282.0
1612.0,1.0,0.09,0.0,0.467353987,0.0088,1611.0
1612.0,1.0,0.34,0.0,0.467353987,0.0088,1611.0
1612.0,1.0,0.02,0.0,0.467353987,0.0088,1611.0
1373.5,1.0,0.09,0.0,0.530137164,0.0088,1372.5
1373.5,1.0,0.34,0.0,0.530137164,0.0088,1372.5
1373.5,1.0,0.02,0.0,0.530137164,0.0088,1372.5
8633.0,1.0,0.09,0.0,0.30630940100000004,0.0088,8632.0
8633.0,1.0,0.34,4.854379231,0.30630940100000004,0.0088,8632.0
8633.0,1.0,0.02,0.0,0.30630940100000004,0.0088,8632.0
6980.0,1.0,0.09,0.0,0.271326418,0.0088,6979.0
6980.0,1.0,0.34,0.0,0.271326418,0.0088,6979.0
6980.0,1.0,0.02,0.0,0.271326418,0.0088,6979.0
93.69999695,80.0,4.93,0.0,1.011319041,0.0088,40.25000381
93.69999695,80.0,2.09,0.0,1.011319041,0.0088,35.5
93.69999695,80.0,2.01,0.0,1.011319041,0.0088,30.50000191
93.69999695,80.0,1.93,0.0,1.011319041,0.0088,30.00000191
93.69999695,80.0,1.84,0.0,1.011319041,0.0088,30.00000191
93.69999695,80.0,1.76,0.0,1.011319041,0.0088,29.50000191
93.69999695,80.0,1.67,0.0,1.011319041,0.0088,29.00000191
93.69999695,80.0,1.59,0.0,1.011319041,0.0088,28.50000191
93.69999695,80.0,1.51,0.0,1.011319041,0.0088,28.00000191
93.69999695,80.0,1.41,0.0,1.011319041,0.0088,27.50000191
93.69999695,80.0,1.34,0.0,1.011319041,0.0088,27.00000191
93.69999695,80.0,1.26,0.0,1.011319041,0.0088,28.75000191
93.69999695,80.0,1.19,0.0,1.011319041,0.0088,28.25000191
93.69999695,80.0,1.09,0.0,1.011319041,0.0088,27.50000191
93.69999695,80.0,1.01,0.0,1.011319041,0.0088,29.50000191
93.69999695,80.0,0.92,0.0,1.011319041,0.0088,30.00000191
93.69999695,60.0,0.92,0.0,1.011319041,0.0088,41.25000381
93.69999695,40.0,0.92,0.0,1.011319041,0.0088,55.75000381
93.69999695,80.0,0.84,0.0,1.011319041,0.0088,29.25000191
93.69999695,60.0,0.84,0.0,1.011319041,0.0088,40.50000381
93.69999695,40.0,0.84,0.0,1.011319041,0.0088,55.50000381
93.69999695,80.0,0.76,0.0,1.011319041,0.0088,24.75000191
93.69999695,60.0,0.76,0.0,1.011319041,0.0088,37.5
93.69999695,40.0,0.76,0.0,1.011319041,0.0088,54.25000381
93.69999695,80.0,0.67,0.0,1.011319041,0.0088,26.75000191
93.69999695,60.0,0.67,0.0,1.011319041,0.0088,39.0
93.69999695,40.0,0.67,0.0,1.011319041,0.0088,55.00000381
93.69999695,80.0,0.59,0.0,1.011319041,0.0088,25.75000191
93.69999695,60.0,0.59,0.0,1.011319041,0.0088,38.25
93.69999695,40.0,0.59,0.0,1.011319041,0.0088,54.75000381
93.69999695,80.0,0.52,0.0,1.011319041,0.0088,30.50000191
93.69999695,60.0,0.52,0.0,1.011319041,0.0088,42.00000381
93.69999695,40.0,0.52,0.0,1.011319041,0.0088,56.50000381
93.69999695,80.0,0.42,0.0,1.011319041,0.0088,29.00000191
93.69999695,60.0,0.42,0.0,1.011319041,0.0088,40.50000381
93.69999695,40.0,0.42,0.0,1.011319041,0.0088,55.50000381
93.69999695,80.0,0.34,0.0,1.011319041,0.0088,26.50000191
93.69999695,60.0,0.34,0.0,1.011319041,0.0088,39.25
93.69999695,40.0,0.34,0.0,1.011319041,0.0088,55.00000381
93.69999695,80.0,0.27,0.0,1.011319041,0.0088,24.25000191
93.69999695,60.0,0.27,0.0,1.011319041,0.0088,37.25
93.69999695,40.0,0.27,0.0,1.011319041,0.0088,54.25000381
93.69999695,80.0,0.17,0.0,1.011319041,0.0088,22.00000191
93.69999695,60.0,0.17,0.0,1.011319041,0.0088,36.25
93.69999695,40.0,0.17,0.0,1.011319041,0.0088,54.00000381
93.69999695,80.0,0.09,0.0,1.011319041,0.0088,20.0
93.69999695,60.0,0.09,0.0,1.011319041,0.0088,35.25
93.69999695,40.0,0.09,0.0,1.011319041,0.0088,53.75000381
93.69999695,80.0,0.02,0.0,1.011319041,0.0088,16.25
93.69999695,60.0,0.02,0.0,1.011319041,0.0088,34.0
93.69999695,40.0,0.02,0.0,1.011319041,0.0088,53.75000381
93.69999695,27.0,2.09,0.0,1.011319041,0.0088,67.75
93.69999695,55.0,2.09,0.0,1.011319041,0.0088,47.50000381
93.69999695,82.0,2.09,0.0,1.011319041,0.0088,34.75
93.69999695,27.0,2.01,0.0,1.011319041,0.0088,67.0
93.69999695,55.0,2.01,0.0,1.011319041,0.0088,44.50000381
93.69999695,82.0,2.01,0.0,1.011319041,0.0088,29.50000191
93.69999695,27.0,1.93,0.0,1.011319041,0.0088,67.0
93.69999695,55.0,1.93,0.0,1.011319041,0.0088,44.25000381
93.69999695,82.0,1.93,0.0,1.011319041,0.0088,29.25000191
93.69999695,27.0,1.84,0.0,1.011319041,0.0088,67.0
93.69999695,55.0,1.84,0.0,1.011319041,0.0088,44.25000381
93.69999695,82.0,1.84,0.0,1.011319041,0.0088,29.00000191
93.69999695,27.0,1.76,0.0,1.011319041,0.0088,67.0
93.69999695,55.0,1.76,0.0,1.011319041,0.0088,44.00000381
93.69999695,82.0,1.76,0.0,1.011319041,0.0088,28.75000191
93.69999695,27.0,1.67,0.0,1.011319041,0.0088,67.0
93.69999695,55.0,1.67,0.0,1.011319041,0.0088,43.50000381
93.69999695,82.0,1.67,0.0,1.011319041,0.0088,28.00000191
93.69999695,27.0,1.59,0.0,1.011319041,0.0088,67.0
93.69999695,55.0,1.59,0.0,1.011319041,0.0088,43.25000381
93.69999695,82.0,1.59,0.0,1.011319041,0.0088,27.50000191
93.69999695,27.0,1.51,0.0,1.011319041,0.0088,67.0
93.69999695,55.0,1.51,0.0,1.011319041,0.0088,43.00000381
93.69999695,82.0,1.51,0.0,1.011319041,0.0088,27.00000191
93.69999695,27.0,1.41,0.0,1.011319041,0.0088,66.75
93.69999695,55.0,1.41,0.0,1.011319041,0.0088,42.75000381
93.69999695,82.0,1.41,0.0,1.011319041,0.0088,26.50000191
93.69999695,27.0,1.34,0.0,1.011319041,0.0088,66.75
93.69999695,55.0,1.34,0.0,1.011319041,0.0088,42.50000381
93.69999695,82.0,1.34,0.0,1.011319041,0.0088,26.00000191
93.69999695,27.0,1.26,0.0,1.011319041,0.0088,67.0
93.69999695,55.0,1.26,0.0,1.011319041,0.0088,43.50000381
93.69999695,82.0,1.26,0.0,1.011319041,0.0088,27.75000191
93.69999695,27.0,1.19,0.0,1.011319041,0.0088,67.0
93.69999695,55.0,1.19,0.0,1.011319041,0.0088,43.00000381
93.69999695,82.0,1.19,0.0,1.011319041,0.0088,27.25000191
93.69999695,48.0,1.09,0.0,1.011319041,0.0088,48.00000381
93.69999695,41.0,1.09,0.0,1.011319041,0.0088,54.00000381
93.69999695,34.0,1.09,0.0,1.011319041,0.0088,60.25000381
93.69999695,27.0,1.09,0.0,1.011319041,0.0088,66.75
93.69999695,21.0,1.09,0.0,1.011319041,0.0088,72.75
93.69999695,14.0,1.09,0.0,1.011319041,0.0088,79.75
93.69999695,55.0,1.09,0.0,1.011319041,0.0088,42.75000381
93.69999695,82.0,1.09,0.0,1.011319041,0.0088,26.50000191
93.69999695,48.0,1.01,0.0,1.011319041,0.0088,49.25000381
93.69999695,41.0,1.01,0.0,1.011319041,0.0088,54.75000381
93.69999695,34.0,1.01,0.0,1.011319041,0.0088,60.75000381
93.69999695,27.0,1.01,0.0,1.011319041,0.0088,67.0
93.69999695,21.0,1.01,0.0,1.011319041,0.0088,72.75
93.69999695,14.0,1.01,0.0,1.011319041,0.0088,79.75
93.69999695,55.0,1.01,0.0,1.011319041,0.0088,44.00000381
93.69999695,82.0,1.01,0.0,1.011319041,0.0088,28.50000191
93.69999695,89.0,0.92,0.0,1.011319041,0.0088,26.00000191
93.69999695,96.0,0.92,0.0,1.011319041,0.0088,23.25000191
93.69999695,75.0,0.92,0.0,1.011319041,0.0088,32.5
93.69999695,69.0,0.92,0.0,1.011319041,0.0088,35.75
93.69999695,48.0,0.92,0.0,1.011319041,0.0088,49.50000381
93.69999695,41.0,0.92,0.0,1.011319041,0.0088,55.00000381
93.69999695,34.0,0.92,0.0,1.011319041,0.0088,60.75000381
93.69999695,27.0,0.92,0.0,1.011319041,0.0088,67.25
93.69999695,21.0,0.92,0.0,1.011319041,0.0088,72.75
93.69999695,14.0,0.92,0.0,1.011319041,0.0088,79.75
93.69999695,55.0,0.92,0.0,1.011319041,0.0088,44.50000381
93.69999695,82.0,0.92,0.0,1.011319041,0.0088,29.00000191
93.69999695,89.0,0.84,0.0,1.011319041,0.0088,25.25000191
93.69999695,75.0,0.84,0.0,1.011319041,0.0088,31.75000191
93.69999695,48.0,0.84,0.0,1.011319041,0.0088,49.00000381
93.69999695,34.0,0.84,0.0,1.011319041,0.0088,60.75000381
93.69999695,27.0,0.84,0.0,1.011319041,0.0088,67.0
93.69999695,21.0,0.84,0.0,1.011319041,0.0088,72.75
93.69999695,14.0,0.84,0.0,1.011319041,0.0088,79.75
93.69999695,96.0,0.84,0.0,1.011319041,0.0088,22.25000191
93.69999695,69.0,0.84,0.0,1.011319041,0.0088,35.0
93.69999695,62.0,0.84,0.0,1.011319041,0.0088,39.25
93.69999695,41.0,0.84,0.0,1.011319041,0.0088,54.75000381
93.69999695,55.0,0.84,0.0,1.011319041,0.0088,44.00000381
93.69999695,82.0,0.84,0.0,1.011319041,0.0088,28.25000191
93.69999695,48.0,0.76,0.0,1.011319041,0.0088,47.00000381
93.69999695,34.0,0.76,0.0,1.011319041,0.0088,60.00000381
93.69999695,27.0,0.76,0.0,1.011319041,0.0088,66.75
93.69999695,21.0,0.76,0.0,1.011319041,0.0088,72.75
93.69999695,14.0,0.76,0.0,1.011319041,0.0088,79.75
93.69999695,62.0,0.76,0.0,1.011319041,0.0088,36.0
93.69999695,41.0,0.76,0.0,1.011319041,0.0088,53.25000381
93.69999695,75.0,0.76,0.0,1.011319041,0.0088,27.50000191
93.69999695,96.0,0.76,0.0,1.011319041,0.0088,17.5
93.69999695,89.0,0.76,0.0,1.011319041,0.0088,20.50000191
93.69999695,69.0,0.76,0.0,1.011319041,0.0088,31.25000191
93.69999695,55.0,0.76,0.0,1.011319041,0.0088,41.25000381
93.69999695,82.0,0.76,0.0,1.011319041,0.0088,23.75000191
93.69999695,48.0,0.67,0.0,1.011319041,0.0088,48.25000381
93.69999695,34.0,0.67,0.0,1.011319041,0.0088,60.25000381
93.69999695,27.0,0.67,0.0,1.011319041,0.0088,67.0
93.69999695,21.0,0.67,0.0,1.011319041,0.0088,72.75
93.69999695,14.0,0.67,0.0,1.011319041,0.0088,79.75
93.69999695,62.0,0.67,0.0,1.011319041,0.0088,37.75
93.69999695,41.0,0.67,0.0,1.011319041,0.0088,54.00000381
93.69999695,75.0,0.67,0.0,1.011319041,0.0088,29.50000191
93.69999695,55.0,0.67,0.0,1.011319041,0.0088,42.75000381
93.69999695,96.0,0.67,0.0,1.011319041,0.0088,19.5
93.69999695,89.0,0.67,0.0,1.011319041,0.0088,22.50000191
93.69999695,69.0,0.67,0.0,1.011319041,0.0088,33.0
93.69999695,82.0,0.67,0.0,1.011319041,0.0088,25.75000191
93.69999695,48.0,0.59,0.0,1.011319041,0.0088,47.75000381
93.69999695,34.0,0.59,0.0,1.011319041,0.0088,60.25000381
93.69999695,27.0,0.59,0.0,1.011319041,0.0088,66.75
93.69999695,21.0,0.59,0.0,1.011319041,0.0088,72.75
93.69999695,14.0,0.59,0.0,1.011319041,0.0088,79.75
93.69999695,62.0,0.59,0.0,1.011319041,0.0088,37.0
93.69999695,41.0,0.59,0.0,1.011319041,0.0088,53.75000381
93.69999695,75.0,0.59,0.0,1.011319041,0.0088,28.50000191
93.69999695,55.0,0.59,0.0,1.011319041,0.0088,42.00000381
93.69999695,89.0,0.59,0.0,1.011319041,0.0088,21.25000191
93.69999695,69.0,0.59,0.0,1.011319041,0.0088,32.25
93.69999695,96.0,0.59,0.0,1.011319041,0.0088,18.25
93.69999695,82.0,0.59,0.0,1.011319041,0.0088,24.75000191
93.69999695,48.0,0.52,0.0,1.011319041,0.0088,50.50000381
93.69999695,34.0,0.52,0.0,1.011319041,0.0088,61.50000381
93.69999695,27.0,0.52,0.0,1.011319041,0.0088,67.5
93.69999695,21.0,0.52,0.0,1.011319041,0.0088,73.0
93.69999695,14.0,0.52,0.0,1.011319041,0.0088,79.75
93.69999695,62.0,0.52,0.0,1.011319041,0.0088,40.75000381
93.69999695,41.0,0.52,0.0,1.011319041,0.0088,55.75000381
93.69999695,96.0,0.52,0.0,1.011319041,0.0088,22.75000191
93.69999695,89.0,0.52,0.0,1.011319041,0.0088,26.00000191
93.69999695,75.0,0.52,0.0,1.011319041,0.0088,33.25
93.69999695,69.0,0.52,0.0,1.011319041,0.0088,36.5
93.69999695,55.0,0.52,0.0,1.011319041,0.0088,45.50000381
93.69999695,82.0,0.52,0.0,1.011319041,0.0088,29.25000191
93.69999695,21.0,0.42,0.0,1.011319041,0.0088,72.75
93.69999695,14.0,0.42,0.0,1.011319041,0.0088,79.75
93.69999695,48.0,0.42,0.0,1.011319041,0.0088,49.00000381
93.69999695,34.0,0.42,0.0,1.011319041,0.0088,60.50000381
93.69999695,27.0,0.42,0.0,1.011319041,0.0088,67.0
93.69999695,62.0,0.42,0.0,1.011319041,0.0088,39.25
93.69999695,41.0,0.42,0.0,1.011319041,0.0088,54.50000381
93.69999695,75.0,0.42,0.0,1.011319041,0.0088,31.75000191
93.69999695,55.0,0.42,0.0,1.011319041,0.0088,43.75000381
93.69999695,89.0,0.42,0.0,1.011319041,0.0088,25.00000191
93.69999695,69.0,0.42,0.0,1.011319041,0.0088,35.0
93.69999695,96.0,0.42,0.0,1.011319041,0.0088,22.25000191
93.69999695,82.0,0.42,0.0,1.011319041,0.0088,28.00000191
93.69999695,48.0,0.34,0.0,1.011319041,0.0088,48.25000381
93.69999695,34.0,0.34,0.0,1.011319041,0.0088,60.50000381
93.69999695,27.0,0.34,0.0,1.011319041,0.0088,67.0
93.69999695,21.0,0.34,0.0,1.011319041,0.0088,72.75
93.69999695,14.0,0.34,0.0,1.011319041,0.0088,79.75
93.69999695,62.0,0.34,0.0,1.011319041,0.0088,37.75
93.69999695,41.0,0.34,0.0,1.011319041,0.0088,54.25000381
93.69999695,75.0,0.34,0.0,1.011319041,0.0088,29.25000191
93.69999695,55.0,0.34,0.0,1.011319041,0.0088,42.75000381
93.69999695,89.0,0.34,0.0,1.011319041,0.0088,21.50000191
93.69999695,69.0,0.34,0.0,1.011319041,0.0088,33.0
93.69999695,82.0,0.34,0.0,1.011319041,0.0088,25.25000191
93.69999695,96.0,0.34,0.0,1.011319041,0.0088,18.0
93.69999695,21.0,0.27,0.0,1.011319041,0.0088,72.75
93.69999695,14.0,0.27,0.0,1.011319041,0.0088,79.75
93.69999695,48.0,0.27,0.0,1.011319041,0.0088,47.00000381
93.69999695,34.0,0.27,0.0,1.011319041,0.0088,60.00000381
93.69999695,27.0,0.27,0.0,1.011319041,0.0088,66.75
93.69999695,62.0,0.27,0.0,1.011319041,0.0088,35.75
93.69999695,41.0,0.27,0.0,1.011319041,0.0088,53.25000381
93.69999695,75.0,0.27,0.0,1.011319041,0.0088,27.00000191
93.69999695,55.0,0.27,0.0,1.011319041,0.0088,41.00000381
93.69999695,89.0,0.27,0.0,1.011319041,0.0088,19.75
93.69999695,69.0,0.27,0.0,1.011319041,0.0088,30.75000191
93.69999695,82.0,0.27,0.0,1.011319041,0.0088,23.00000191
93.69999695,96.0,0.27,0.0,1.011319041,0.0088,16.5
93.69999695,48.0,0.17,0.0,1.011319041,0.0088,46.50000381
93.69999695,34.0,0.17,0.0,1.011319041,0.0088,59.75000381
93.69999695,27.0,0.17,0.0,1.011319041,0.0088,66.75
93.69999695,21.0,0.17,0.0,1.011319041,0.0088,72.75
93.69999695,14.0,0.17,0.0,1.011319041,0.0088,79.75
93.69999695,62.0,0.17,0.0,1.011319041,0.0088,34.5
93.69999695,41.0,0.17,0.0,1.011319041,0.0088,53.00000381
93.69999695,75.0,0.17,0.0,1.011319041,0.0088,25.25000191
93.69999695,55.0,0.17,0.0,1.011319041,0.0088,40.25000381
93.69999695,89.0,0.17,0.0,1.011319041,0.0088,17.25
93.69999695,69.0,0.17,0.0,1.011319041,0.0088,29.25000191
93.69999695,82.0,0.17,0.0,1.011319041,0.0088,21.00000191
93.69999695,96.0,0.17,0.0,1.011319041,0.0088,14.00000095
93.69999695,48.0,0.09,0.0,1.011319041,0.0088,46.25000381
93.69999695,34.0,0.09,0.0,1.011319041,0.0088,59.75000381
93.69999695,27.0,0.09,0.0,1.011319041,0.0088,66.75
93.69999695,21.0,0.09,0.0,1.011319041,0.0088,72.75
93.69999695,14.0,0.09,0.0,1.011319041,0.0088,79.75
93.69999695,62.0,0.09,0.0,1.011319041,0.0088,33.5
93.69999695,41.0,0.09,0.0,1.011319041,0.0088,53.00000381
93.69999695,75.0,0.09,0.0,1.011319041,0.0088,23.50000191
93.69999695,55.0,0.09,0.0,1.011319041,0.0088,39.75
93.69999695,89.0,0.09,0.0,1.011319041,0.0088,14.75000095
93.69999695,69.0,0.09,0.0,1.011319041,0.0088,28.00000191
93.69999695,82.0,0.09,0.0,1.011319041,0.0088,18.75
93.69999695,96.0,0.09,0.0,1.011319041,0.0088,11.50000095
93.69999695,48.0,0.02,0.0,1.011319041,0.0088,45.75000381
93.69999695,34.0,0.02,0.0,1.011319041,0.0088,59.75000381
93.69999695,27.0,0.02,0.0,1.011319041,0.0088,66.75
93.69999695,21.0,0.02,0.0,1.011319041,0.0088,72.75
93.69999695,14.0,0.02,0.0,1.011319041,0.0088,79.75
93.69999695,62.0,0.02,0.0,1.011319041,0.0088,32.0
93.69999695,41.0,0.02,0.0,1.011319041,0.0088,52.75000381
93.69999695,75.0,0.02,0.0,1.011319041,0.0088,20.25000191
93.69999695,55.0,0.02,0.0,1.011319041,0.0088,38.75
93.69999695,89.0,0.02,0.0,1.011319041,0.0088,10.25000095
93.69999695,69.0,0.02,0.0,1.011319041,0.0088,25.50000191
93.69999695,82.0,0.02,0.0,1.011319041,0.0088,14.75000095
93.69999695,96.0,0.02,0.0,1.011319041,0.0088,6.750000477
93.69999695,80.0,4.75,0.0,1.011319041,0.0088,40.0
93.69999695,80.0,4.42,0.0,1.011319041,0.0088,38.75
93.69999695,80.0,4.27,0.0,1.011319041,0.0088,38.25
93.69999695,80.0,4.18,0.0,1.011319041,0.0088,38.0
93.69999695,80.0,3.76,0.0,1.011319041,0.0088,36.5
93.69999695,80.0,3.43,0.0,1.011319041,0.0088,36.75
93.69999695,80.0,3.33,0.0,1.011319041,0.0088,36.25
93.69999695,80.0,2.93,0.0,1.011319041,0.0088,35.0
93.69999695,80.0,2.43,0.0,1.011319041,0.0088,34.5
93.69999695,80.0,2.26,0.0,1.011319041,0.0088,33.5
93.69999695,80.0,2.18,0.0,1.011319041,0.0088,33.25
93.69999695,80.0,2.34,0.0,1.011319041,0.0088,34.0
93.69999695,80.0,2.51,0.0,1.011319041,0.0088,34.0
93.69999695,80.0,2.59,0.0,1.011319041,0.0088,34.25
93.69999695,80.0,2.68,0.0,1.011319041,0.0088,34.5
93.69999695,80.0,2.76,0.0,1.011319041,0.0088,34.75
93.69999695,80.0,2.84,0.0,1.011319041,0.0088,35.25
93.69999695,80.0,3.01,0.0,1.011319041,0.0088,35.25
93.69999695,80.0,3.08,0.0,1.011319041,0.0088,35.5
93.69999695,80.0,3.18,0.0,1.011319041,0.0088,35.75
93.69999695,80.0,3.26,0.0,1.011319041,0.0088,36.0
93.69999695,80.0,3.51,0.0,1.011319041,0.0088,36.0
93.69999695,80.0,3.6,0.0,1.011319041,0.0088,36.25
93.69999695,80.0,3.68,0.0,1.011319041,0.0088,36.25
93.69999695,80.0,3.85,0.0,1.011319041,0.0088,37.0
93.69999695,80.0,3.93,0.0,1.011319041,0.0088,37.25
93.69999695,80.0,4.01,0.0,1.011319041,0.0088,37.5
93.69999695,80.0,4.1,0.0,1.011319041,0.0088,37.75
93.69999695,80.0,4.35,0.0,1.011319041,0.0088,38.5
93.69999695,80.0,4.5,0.0,1.011319041,0.0088,39.0
93.69999695,80.0,4.6,0.0,1.011319041,0.0088,39.25
93.69999695,80.0,4.68,0.0,1.011319041,0.0088,39.5
93.69999695,80.0,4.85,0.0,1.011319041,0.0088,40.0
370.39999389999997,80.0,0.34,11.91514739,0.614782597,0.0088,290.5
370.39999389999997,80.0,0.27,0.0,0.614782597,0.0088,290.5
370.39999389999997,60.0,0.27,0.0,0.614782597,0.0088,310.5
370.39999389999997,80.0,0.17,0.0,0.614782597,0.0088,290.5
370.39999389999997,60.0,0.17,0.0,0.614782597,0.0088,310.5
370.39999389999997,80.0,0.09,0.0,0.614782597,0.0088,290.5
370.39999389999997,60.0,0.09,0.0,0.614782597,0.0088,310.5
370.39999389999997,60.0,0.02,0.0,0.614782597,0.0088,310.5
370.39999389999997,80.0,0.02,0.0,0.614782597,0.0088,290.5
2904.0,1.0,0.09,0.0,0.351103614,0.0088,2903.0
2904.0,1.0,0.34,2.734228088,0.351103614,0.0088,2903.0
2904.0,1.0,0.02,0.0,0.351103614,0.0088,2903.0
372.7000122,1.0,0.09,0.0,0.39281617,0.0088,371.75
372.7000122,1.0,0.34,7.101452889,0.39281617,0.0088,371.75
372.7000122,1.0,0.02,0.0,0.39281617,0.0088,371.75
119.5199966,80.0,0.92,7.363753082000001,0.383963559,0.0088,39.5
119.5199966,94.0,0.17,19.63667488,0.383963559,0.0088,26.0
119.5199966,90.0,0.92,7.363753082000001,0.383963559,0.0088,29.50000191
119.5199966,95.0,0.76,8.836503698,0.383963559,0.0088,24.75000191
119.5199966,80.0,0.76,8.836503698,0.383963559,0.0088,39.5
119.5199966,90.0,0.76,8.836503698,0.383963559,0.0088,29.50000191
119.5199966,95.0,0.34,9.818337442,0.383963559,0.0088,24.50000191
119.5199966,80.0,0.34,9.818337442,0.383963559,0.0088,39.5
119.5199966,95.0,0.02,0.0,0.383963559,0.0088,24.50000191
119.5199966,90.0,0.42,8.03318518,0.383963559,0.0088,29.50000191
119.5199966,96.0,0.34,9.818337442,0.383963559,0.0088,24.25
119.5199966,92.0,0.34,9.818337442,0.383963559,0.0088,28.0
119.5199966,88.0,0.34,9.818337442,0.383963559,0.0088,32.0
119.5199966,90.0,0.34,9.818337442,0.383963559,0.0088,29.50000191
119.5199966,90.0,0.17,19.63667488,0.383963559,0.0088,29.50000191
119.5199966,80.0,0.17,19.63667488,0.383963559,0.0088,39.5
119.5199966,90.0,0.02,0.0,0.383963559,0.0088,29.50000191
119.5199966,80.0,0.02,0.0,0.383963559,0.0088,39.5
119.5199966,68.0,1.09,9.646085823,0.383963559,0.0088,51.5
119.5199966,68.0,0.59,11.40194026,0.383963559,0.0088,51.75
119.5199966,88.0,0.09,35.34601479,0.383963559,0.0088,31.5
119.5199966,90.0,0.27,12.62357671,0.383963559,0.0088,29.50000191
119.5199966,80.0,0.27,12.62357671,0.383963559,0.0088,39.5
119.5199966,90.0,0.09,35.34601479,0.383963559,0.0088,29.50000191
119.5199966,80.0,0.09,35.34601479,0.383963559,0.0088,39.5
119.5199966,76.0,1.09,9.646085823,0.383963559,0.0088,43.75
119.5199966,96.0,0.09,35.34601479,0.383963559,0.0088,23.75
119.5199966,84.0,1.09,9.646085823,0.383963559,0.0088,36.25
119.5199966,92.0,1.09,9.646085823,0.383963559,0.0088,29.5
119.5199966,92.0,0.09,35.34601479,0.383963559,0.0088,27.5
119.5199966,84.0,0.09,35.34601479,0.383963559,0.0088,35.5
119.5199966,76.0,0.59,11.40194026,0.383963559,0.0088,43.75
119.5199966,84.0,0.59,11.40194026,0.383963559,0.0088,36.0
119.5199966,92.0,0.59,11.40194026,0.383963559,0.0088,28.5
119.5199966,1.0,0.09,35.34601479,0.383963559,0.0088,118.5
119.5199966,96.0,0.59,11.40194026,0.383963559,0.0088,25.25
119.5199966,76.0,1.59,8.753698384,0.383963559,0.0088,44.25
119.5199966,84.0,1.59,8.753698384,0.383963559,0.0088,37.0
119.5199966,92.0,1.59,8.753698384,0.383963559,0.0088,30.5
119.5199966,90.0,0.52,6.545558295,0.383963559,0.0088,29.50000191
119.5199966,90.0,0.59,11.40194026,0.383963559,0.0088,29.50000191
119.5199966,90.0,0.67,10.09886137,0.383963559,0.0088,29.50000191
119.5199966,88.0,0.59,11.40194026,0.383963559,0.0088,32.25
119.5199966,98.0,0.02,0.0,0.383963559,0.0088,22.5
119.5199966,96.0,0.02,0.0,0.383963559,0.0088,24.5
119.5199966,94.0,0.02,0.0,0.383963559,0.0088,26.5
119.5199966,68.0,1.59,8.753698384,0.383963559,0.0088,51.75
119.5199966,90.0,0.84,8.03318518,0.383963559,0.0088,29.50000191
119.5199966,98.0,0.09,35.34601479,0.383963559,0.0088,21.75
119.5199966,1.0,0.34,9.818337442,0.383963559,0.0088,118.5
119.5199966,88.0,0.84,8.03318518,0.383963559,0.0088,32.5
119.5199966,92.0,0.84,8.03318518,0.383963559,0.0088,28.75
119.5199966,96.0,0.84,8.03318518,0.383963559,0.0088,25.5
119.5199966,80.0,0.42,8.03318518,0.383963559,0.0088,39.5
119.5199966,80.0,0.52,6.545558295,0.383963559,0.0088,39.5
119.5199966,80.0,0.59,11.40194026,0.383963559,0.0088,39.5
119.5199966,80.0,0.67,10.09886137,0.383963559,0.0088,39.5
119.5199966,80.0,0.84,8.03318518,0.383963559,0.0088,39.5
119.5199966,94.0,0.09,35.34601479,0.383963559,0.0088,25.75
119.5199966,84.0,0.34,9.818337442,0.383963559,0.0088,36.0
119.5199966,84.0,0.84,8.03318518,0.383963559,0.0088,36.0
119.5199966,95.0,0.09,35.34601479,0.383963559,0.0088,24.50000191
119.5199966,95.0,0.17,19.63667488,0.383963559,0.0088,24.50000191
119.5199966,95.0,0.27,12.62357671,0.383963559,0.0088,24.50000191
119.5199966,95.0,0.42,8.03318518,0.383963559,0.0088,24.50000191
119.5199966,95.0,0.52,6.545558295,0.383963559,0.0088,24.50000191
119.5199966,95.0,0.59,11.40194026,0.383963559,0.0088,24.75000191
119.5199966,95.0,0.67,10.09886137,0.383963559,0.0088,24.75000191
119.5199966,95.0,0.84,8.03318518,0.383963559,0.0088,24.75000191
119.5199966,92.0,0.02,0.0,0.383963559,0.0088,28.5
119.5199966,1.0,0.02,0.0,0.383963559,0.0088,118.5
119.5199966,96.0,0.17,19.63667488,0.383963559,0.0088,24.0
119.5199966,98.0,0.17,19.63667488,0.383963559,0.0088,22.0
147.5,80.0,4.75,5.986878075,0.526787171,0.0088,71.25
147.5,80.0,4.42,5.742364491,0.526787171,0.0088,70.75
147.5,80.0,4.35,5.839937707000001,0.526787171,0.0088,70.75
147.5,80.0,4.27,4.993539561,0.526787171,0.0088,70.75
147.5,80.0,4.18,5.108070285,0.526787171,0.0088,70.75
147.5,80.0,3.33,4.368094403,0.526787171,0.0088,70.75
147.5,80.0,2.93,4.967636772,0.526787171,0.0088,70.25
147.5,80.0,2.43,4.871213132,0.526787171,0.0088,70.25
147.5,80.0,2.09,4.054024035,0.526787171,0.0088,70.0
147.5,80.0,0.92,4.418886199,0.526787171,0.0088,68.25
147.5,96.0,0.02,0.0,0.526787171,0.0088,51.50000381
147.5,77.0,0.02,0.0,0.526787171,0.0088,70.5
147.5,80.0,0.02,0.0,0.526787171,0.0088,67.5
147.5,60.0,0.02,0.0,0.526787171,0.0088,87.50000763
147.5,90.0,0.02,0.0,0.526787171,0.0088,57.50000381
147.5,88.0,0.09,0.0,0.526787171,0.0088,59.5
147.5,92.0,0.09,0.0,0.526787171,0.0088,55.5
147.5,96.0,0.09,0.0,0.526787171,0.0088,51.75
147.5,84.0,0.09,0.0,0.526787171,0.0088,63.5
147.5,1.0,0.09,0.0,0.526787171,0.0088,146.5
147.5,96.0,0.09,0.0,0.526787171,0.0088,51.75000381
147.5,77.0,0.09,0.0,0.526787171,0.0088,70.5
147.5,80.0,0.09,0.0,0.526787171,0.0088,67.5
147.5,60.0,0.09,0.0,0.526787171,0.0088,87.50000763
147.5,90.0,0.09,0.0,0.526787171,0.0088,57.50000381
147.5,80.0,0.17,0.0,0.526787171,0.0088,67.5
147.5,77.0,0.17,0.0,0.526787171,0.0088,70.5
147.5,96.0,0.17,0.0,0.526787171,0.0088,52.00000381
147.5,60.0,0.17,0.0,0.526787171,0.0088,87.50000763
147.5,90.0,0.17,0.0,0.526787171,0.0088,57.75000381
147.5,80.0,0.27,0.0,0.526787171,0.0088,67.5
147.5,77.0,0.27,0.0,0.526787171,0.0088,70.5
147.5,96.0,0.27,0.0,0.526787171,0.0088,52.00000381
147.5,60.0,0.27,0.0,0.526787171,0.0088,87.50000763
147.5,90.0,0.27,0.0,0.526787171,0.0088,57.75000381
147.5,88.0,0.34,6.8738229760000005,0.526787171,0.0088,60.25
147.5,92.0,0.34,6.8738229760000005,0.526787171,0.0088,56.5
147.5,96.0,0.34,6.8738229760000005,0.526787171,0.0088,52.75
147.5,84.0,0.34,6.8738229760000005,0.526787171,0.0088,64.0
147.5,80.0,0.34,6.8738229760000005,0.526787171,0.0088,68.0
147.5,77.0,0.34,6.8738229760000005,0.526787171,0.0088,71.0
147.5,96.0,0.34,6.8738229760000005,0.526787171,0.0088,53.25000381
147.5,60.0,0.34,6.8738229760000005,0.526787171,0.0088,87.50000763
147.5,90.0,0.34,6.8738229760000005,0.526787171,0.0088,58.50000381
147.5,60.0,0.42,5.62403698,0.526787171,0.0088,87.50000763
147.5,80.0,0.42,5.62403698,0.526787171,0.0088,67.75
147.5,90.0,0.42,5.62403698,0.526787171,0.0088,58.25000381
147.5,60.0,0.52,4.58254865,0.526787171,0.0088,87.50000763
147.5,80.0,0.52,4.58254865,0.526787171,0.0088,68.0
147.5,90.0,0.52,4.58254865,0.526787171,0.0088,58.50000381
147.5,68.0,0.59,3.99125205,0.526787171,0.0088,80.0
147.5,76.0,0.59,3.99125205,0.526787171,0.0088,72.25
147.5,84.0,0.59,3.99125205,0.526787171,0.0088,65.0
147.5,92.0,0.59,3.99125205,0.526787171,0.0088,57.5
147.5,96.0,0.59,3.99125205,0.526787171,0.0088,54.0
147.5,80.0,0.59,3.99125205,0.526787171,0.0088,68.25
147.5,80.0,0.67,3.5351089589999996,0.526787171,0.0088,68.5
147.5,68.0,1.09,3.721167325,0.526787171,0.0088,81.0
147.5,76.0,1.09,3.721167325,0.526787171,0.0088,73.75
147.5,84.0,1.09,3.721167325,0.526787171,0.0088,66.75
147.5,92.0,1.09,3.721167325,0.526787171,0.0088,60.0
147.5,76.0,1.59,4.046209049,0.526787171,0.0088,75.0
147.5,84.0,1.59,4.046209049,0.526787171,0.0088,68.5
147.5,92.0,1.59,4.046209049,0.526787171,0.0088,62.0
147.5,88.0,0.59,3.99125205,0.526787171,0.0088,61.25
147.5,60.0,0.59,3.99125205,0.526787171,0.0088,87.50000763
147.5,60.0,0.67,3.5351089589999996,0.526787171,0.0088,87.75000763
147.5,68.0,1.59,4.046209049,0.526787171,0.0088,82.0
147.5,80.0,0.76,5.302663438,0.526787171,0.0088,68.75
147.5,96.0,0.02,0.0,0.526787171,0.0088,51.75
147.5,98.0,0.02,0.0,0.526787171,0.0088,49.75
147.5,60.0,0.76,5.302663438,0.526787171,0.0088,87.75000763
147.5,94.0,0.02,0.0,0.526787171,0.0088,53.75
147.5,90.0,0.59,3.99125205,0.526787171,0.0088,59.00000381
147.5,90.0,0.67,3.5351089589999996,0.526787171,0.0088,59.50000381
147.5,90.0,0.76,5.302663438,0.526787171,0.0088,59.75000381
147.5,92.0,0.02,0.0,0.526787171,0.0088,55.5
147.5,60.0,0.84,4.820603126,0.526787171,0.0088,87.75000763
147.5,80.0,0.84,4.820603126,0.526787171,0.0088,68.5
147.5,90.0,0.84,4.820603126,0.526787171,0.0088,59.50000381
147.5,80.0,1.01,4.002010142,0.526787171,0.0088,69.0
147.5,80.0,1.09,3.721167325,0.526787171,0.0088,68.75
147.5,80.0,1.19,3.421073186,0.526787171,0.0088,68.75
147.5,80.0,1.26,3.213735417,0.526787171,0.0088,69.0
147.5,80.0,1.34,4.797647873,0.526787171,0.0088,69.25
147.5,80.0,1.41,4.547093728,0.526787171,0.0088,69.25
147.5,80.0,1.51,4.251080394,0.526787171,0.0088,69.25
147.5,80.0,1.59,4.046209049,0.526787171,0.0088,69.5
147.5,80.0,1.67,3.860176449,0.526787171,0.0088,69.75
147.5,80.0,1.76,4.803137172,0.526787171,0.0088,69.5
147.5,80.0,1.84,4.603006457,0.526787171,0.0088,69.75
147.5,80.0,1.93,4.37513485,0.526787171,0.0088,69.75
147.5,80.0,2.01,4.208463046,0.526787171,0.0088,70.0
147.5,80.0,2.18,3.8762159639999996,0.526787171,0.0088,70.25
147.5,80.0,2.26,3.7448188119999997,0.526787171,0.0088,70.5
147.5,80.0,2.34,5.070853015,0.526787171,0.0088,70.5
147.5,80.0,2.51,4.7224737999999995,0.526787171,0.0088,70.25
147.5,80.0,2.59,4.58254865,0.526787171,0.0088,70.25
147.5,80.0,2.68,4.418886199,0.526787171,0.0088,70.5
147.5,80.0,2.76,5.27811407,0.526787171,0.0088,70.0
147.5,80.0,2.84,5.135462339,0.526787171,0.0088,70.0
147.5,80.0,3.01,4.841072778,0.526787171,0.0088,70.25
147.5,80.0,3.08,4.720797678,0.526787171,0.0088,70.5
147.5,80.0,3.18,4.5786049769999995,0.526787171,0.0088,70.5
147.5,80.0,3.26,4.470873095,0.526787171,0.0088,70.5
147.5,80.0,3.43,5.431033317000001,0.526787171,0.0088,70.0
147.5,80.0,3.51,5.312322206,0.526787171,0.0088,70.0
147.5,80.0,3.6,5.171037041,0.526787171,0.0088,70.25
147.5,80.0,3.68,5.0633071030000005,0.526787171,0.0088,70.25
147.5,80.0,3.76,5.681425112,0.526787171,0.0088,70.25
147.5,80.0,3.85,5.54009613,0.526787171,0.0088,70.25
147.5,80.0,3.93,5.431996692999999,0.526787171,0.0088,70.5
147.5,80.0,4.01,5.328035034,0.526787171,0.0088,70.5
147.5,80.0,4.1,5.203548233999999,0.526787171,0.0088,70.5
147.5,80.0,4.5,5.641131317,0.526787171,0.0088,71.0
147.5,80.0,4.6,5.523607748,0.526787171,0.0088,71.0
147.5,80.0,4.68,5.433056801,0.526787171,0.0088,71.25
147.5,80.0,4.85,5.868560327000001,0.526787171,0.0088,71.5
147.5,88.0,0.02,0.0,0.526787171,0.0088,59.5
147.5,90.0,0.02,0.0,0.526787171,0.0088,57.5
147.5,90.0,0.09,0.0,0.526787171,0.0088,57.5
147.5,94.0,0.09,0.0,0.526787171,0.0088,53.75
147.5,98.0,0.09,0.0,0.526787171,0.0088,49.75
147.5,1.0,0.34,6.8738229760000005,0.526787171,0.0088,146.5
147.5,80.0,0.34,6.8738229760000005,0.526787171,0.0088,68.0
147.5,80.0,0.59,3.99125205,0.526787171,0.0088,68.5
147.5,80.0,0.84,4.820603126,0.526787171,0.0088,69.25
147.5,84.0,0.84,4.820603126,0.526787171,0.0088,65.75
147.5,88.0,0.84,4.820603126,0.526787171,0.0088,62.25
147.5,92.0,0.84,4.820603126,0.526787171,0.0088,58.75
147.5,96.0,0.84,4.820603126,0.526787171,0.0088,55.25
147.5,86.0,0.02,0.0,0.526787171,0.0088,61.5
147.5,86.0,0.09,0.0,0.526787171,0.0088,61.5
147.5,76.0,0.34,6.8738229760000005,0.526787171,0.0088,71.75
147.5,76.0,0.84,4.820603126,0.526787171,0.0088,73.0
147.5,60.0,1.09,3.721167325,0.526787171,0.0088,88.25
147.5,60.0,1.59,4.046209049,0.526787171,0.0088,89.0
147.5,1.0,0.02,0.0,0.526787171,0.0088,146.5
147.5,98.0,0.17,0.0,0.526787171,0.0088,51.5
134.1600037,80.0,4.42,3.771173035,0.587034285,0.0088,54.50000381
134.1600037,95.0,0.42,2.64996624,0.587034285,0.0088,40.50000381
134.1600037,90.0,0.42,2.64996624,0.587034285,0.0088,45.00000381
134.1600037,85.0,0.42,2.64996624,0.587034285,0.0088,49.75000381
134.1600037,70.0,0.42,2.64996624,0.587034285,0.0088,64.25
134.1600037,64.0,0.34,3.2388476269999997,0.587034285,0.0088,70.25
134.1600037,64.0,0.09,0.0,0.587034285,0.0088,70.25
134.1600037,75.0,0.34,3.2388476269999997,0.587034285,0.0088,59.50000381
134.1600037,75.0,0.27,0.0,0.587034285,0.0088,59.25000381
134.1600037,75.0,0.17,0.0,0.587034285,0.0088,59.25000381
134.1600037,75.0,0.09,0.0,0.587034285,0.0088,59.25000381
134.1600037,75.0,0.02,0.0,0.587034285,0.0088,59.25000381
134.1600037,68.0,0.34,3.2388476269999997,0.587034285,0.0088,66.5
134.1600037,60.0,0.34,3.2388476269999997,0.587034285,0.0088,74.25
134.1600037,96.0,0.34,3.2388476269999997,0.587034285,0.0088,40.0
134.1600037,92.0,0.34,3.2388476269999997,0.587034285,0.0088,43.75
134.1600037,88.0,0.34,3.2388476269999997,0.587034285,0.0088,47.25
134.1600037,84.0,0.34,3.2388476269999997,0.587034285,0.0088,51.0
134.1600037,80.0,0.34,3.2388476269999997,0.587034285,0.0088,54.75
134.1600037,76.0,0.34,3.2388476269999997,0.587034285,0.0088,58.75
134.1600037,72.0,0.34,3.2388476269999997,0.587034285,0.0088,62.5
134.1600037,80.0,4.35,3.835252123,0.587034285,0.0088,54.50000381
134.1600037,95.0,0.34,3.2388476269999997,0.587034285,0.0088,41.00000381
134.1600037,90.0,0.34,3.2388476269999997,0.587034285,0.0088,45.50000381
134.1600037,85.0,0.34,3.2388476269999997,0.587034285,0.0088,50.00000381
134.1600037,70.0,0.34,3.2388476269999997,0.587034285,0.0088,64.5
134.1600037,68.0,0.09,0.0,0.587034285,0.0088,66.25
134.1600037,60.0,0.27,0.0,0.587034285,0.0088,74.25
134.1600037,60.0,0.17,0.0,0.587034285,0.0088,74.25
134.1600037,60.0,0.09,0.0,0.587034285,0.0088,74.25
134.1600037,60.0,0.02,0.0,0.587034285,0.0088,74.25
134.1600037,80.0,1.93,3.586462535,0.587034285,0.0088,55.00000381
134.1600037,52.0,1.09,3.068381963,0.587034285,0.0088,82.5
134.1600037,52.0,0.59,1.880621203,0.587034285,0.0088,82.25
134.1600037,80.0,4.27,3.5362987180000003,0.587034285,0.0088,54.50000381
134.1600037,80.0,4.18,3.617406487,0.587034285,0.0088,54.50000381
134.1600037,80.0,4.1,3.685021561,0.587034285,0.0088,54.50000381
134.1600037,80.0,4.01,3.773179972,0.587034285,0.0088,54.25000381
134.1600037,80.0,3.93,3.846802996,0.587034285,0.0088,54.25000381
134.1600037,80.0,3.85,3.9233562889999996,0.587034285,0.0088,54.25000381
134.1600037,80.0,3.76,4.023441909,0.587034285,0.0088,54.50000381
134.1600037,80.0,3.68,3.33196448,0.587034285,0.0088,54.50000381
134.1600037,80.0,3.6,3.4028573410000003,0.587034285,0.0088,54.50000381
134.1600037,80.0,3.51,3.4958315860000004,0.587034285,0.0088,54.25000381
134.1600037,80.0,3.43,3.5739507269999997,0.587034285,0.0088,54.25000381
134.1600037,80.0,3.33,3.6766504610000004,0.587034285,0.0088,54.25000381
134.1600037,80.0,3.26,3.324200779,0.587034285,0.0088,54.50000381
134.1600037,80.0,3.18,3.404302003,0.587034285,0.0088,54.50000381
134.1600037,80.0,3.08,3.510025668,0.587034285,0.0088,54.50000381
134.1600037,80.0,3.01,3.5994530730000003,0.587034285,0.0088,54.50000381
134.1600037,80.0,2.93,3.693556422,0.587034285,0.0088,54.50000381
134.1600037,80.0,2.84,3.818338733,0.587034285,0.0088,54.25000381
134.1600037,80.0,2.76,3.9244036980000003,0.587034285,0.0088,54.25000381
134.1600037,80.0,2.68,3.070427535,0.587034285,0.0088,54.50000381
134.1600037,80.0,2.59,3.184147073,0.587034285,0.0088,54.25000381
134.1600037,80.0,2.51,3.281372938,0.587034285,0.0088,54.25000381
134.1600037,80.0,2.43,3.384723267,0.587034285,0.0088,54.25000381
134.1600037,80.0,2.34,3.523441433,0.587034285,0.0088,54.25000381
134.1600037,80.0,2.26,3.06976878,0.587034285,0.0088,54.50000381
134.1600037,80.0,2.18,3.177479965,0.587034285,0.0088,54.25000381
134.1600037,80.0,2.09,3.323235927,0.587034285,0.0088,54.25000381
134.1600037,80.0,2.01,3.449835391,0.587034285,0.0088,55.25000381
134.1600037,80.0,1.84,3.773257459,0.587034285,0.0088,55.00000381
134.1600037,80.0,1.76,3.937312131,0.587034285,0.0088,55.00000381
134.1600037,80.0,1.67,2.680425622,0.587034285,0.0088,55.00000381
134.1600037,80.0,1.59,2.8096027610000003,0.587034285,0.0088,55.00000381
134.1600037,80.0,1.51,2.9518611289999996,0.587034285,0.0088,55.75000381
134.1600037,80.0,1.41,3.157406584,0.587034285,0.0088,55.50000381
134.1600037,80.0,1.34,3.3313861310000004,0.587034285,0.0088,55.50000381
134.1600037,80.0,1.26,2.64996624,0.587034285,0.0088,55.75000381
134.1600037,80.0,1.19,2.8209318039999998,0.587034285,0.0088,55.50000381
134.1600037,80.0,1.09,3.068381963,0.587034285,0.0088,55.00000381
134.1600037,80.0,1.01,3.29995796,0.587034285,0.0088,55.50000381
134.1600037,80.0,0.92,3.643703581,0.587034285,0.0088,55.25000381
134.1600037,80.0,0.84,3.974949361,0.587034285,0.0088,54.75000381
134.1600037,80.0,0.76,4.3724442969999995,0.587034285,0.0088,55.00000381
134.1600037,80.0,0.67,1.665693065,0.587034285,0.0088,55.00000381
134.1600037,80.0,0.59,1.880621203,0.587034285,0.0088,54.75000381
134.1600037,80.0,0.52,2.159231751,0.587034285,0.0088,55.25000381
134.1600037,80.0,0.42,2.64996624,0.587034285,0.0088,54.50000381
134.1600037,80.0,0.34,3.2388476269999997,0.587034285,0.0088,54.75000381
134.1600037,85.0,0.27,0.0,0.587034285,0.0088,49.50000381
134.1600037,70.0,0.27,0.0,0.587034285,0.0088,64.25
134.1600037,85.0,0.17,0.0,0.587034285,0.0088,49.50000381
134.1600037,70.0,0.17,0.0,0.587034285,0.0088,64.25
134.1600037,85.0,0.09,0.0,0.587034285,0.0088,49.25000381
134.1600037,70.0,0.09,0.0,0.587034285,0.0088,64.25
134.1600037,85.0,0.02,0.0,0.587034285,0.0088,49.25000381
134.1600037,70.0,0.02,0.0,0.587034285,0.0088,64.25
134.1600037,60.0,1.09,3.068381963,0.587034285,0.0088,74.75
134.1600037,60.0,0.59,1.880621203,0.587034285,0.0088,74.5
134.1600037,76.0,0.09,0.0,0.587034285,0.0088,58.25
134.1600037,72.0,0.09,0.0,0.587034285,0.0088,62.25
134.1600037,95.0,0.27,0.0,0.587034285,0.0088,40.0
134.1600037,90.0,0.27,0.0,0.587034285,0.0088,44.50000381
134.1600037,80.0,0.27,0.0,0.587034285,0.0088,54.25000381
134.1600037,95.0,0.09,0.0,0.587034285,0.0088,39.5
134.1600037,90.0,0.09,0.0,0.587034285,0.0088,44.50000381
134.1600037,80.0,0.09,0.0,0.587034285,0.0088,54.25000381
134.1600037,68.0,1.09,3.068381963,0.587034285,0.0088,67.25
134.1600037,68.0,0.59,1.880621203,0.587034285,0.0088,66.75
134.1600037,88.0,0.09,0.0,0.587034285,0.0088,46.25
134.1600037,80.0,0.09,0.0,0.587034285,0.0088,54.25
134.1600037,95.0,0.17,0.0,0.587034285,0.0088,39.75
134.1600037,90.0,0.17,0.0,0.587034285,0.0088,44.50000381
134.1600037,80.0,0.17,0.0,0.587034285,0.0088,54.25000381
134.1600037,95.0,0.02,0.0,0.587034285,0.0088,39.25
134.1600037,90.0,0.02,0.0,0.587034285,0.0088,44.25000381
134.1600037,80.0,0.02,0.0,0.587034285,0.0088,54.25000381
134.1600037,76.0,1.09,3.068381963,0.587034285,0.0088,60.0
134.1600037,76.0,0.59,1.880621203,0.587034285,0.0088,59.25
134.1600037,96.0,0.09,0.0,0.587034285,0.0088,38.5
134.1600037,84.0,1.09,3.068381963,0.587034285,0.0088,52.75
134.1600037,92.0,1.09,3.068381963,0.587034285,0.0088,46.0
134.1600037,84.0,0.09,0.0,0.587034285,0.0088,50.25
134.1600037,92.0,0.09,0.0,0.587034285,0.0088,42.5
134.1600037,84.0,0.59,1.880621203,0.587034285,0.0088,52.0
134.1600037,92.0,0.59,1.880621203,0.587034285,0.0088,45.0
134.1600037,90.0,0.52,2.159231751,0.587034285,0.0088,46.50000381
134.1600037,95.0,0.52,2.159231751,0.587034285,0.0088,42.25000381
134.1600037,1.0,0.09,0.0,0.587034285,0.0088,133.25
134.1600037,96.0,0.59,1.880621203,0.587034285,0.0088,41.5
134.1600037,76.0,1.59,2.8096027610000003,0.587034285,0.0088,60.75
134.1600037,84.0,1.59,2.8096027610000003,0.587034285,0.0088,54.0
134.1600037,92.0,1.59,2.8096027610000003,0.587034285,0.0088,47.5
134.1600037,90.0,0.59,1.880621203,0.587034285,0.0088,45.75000381
134.1600037,88.0,0.59,1.880621203,0.587034285,0.0088,48.5
134.1600037,90.0,0.67,1.665693065,0.587034285,0.0088,46.25000381
134.1600037,95.0,0.59,1.880621203,0.587034285,0.0088,41.25000381
134.1600037,95.0,0.67,1.665693065,0.587034285,0.0088,42.00000381
134.1600037,68.0,1.59,2.8096027610000003,0.587034285,0.0088,67.75
134.1600037,90.0,0.76,4.3724442969999995,0.587034285,0.0088,46.50000381
134.1600037,96.0,0.02,0.0,0.587034285,0.0088,38.25
134.1600037,98.0,0.02,0.0,0.587034285,0.0088,36.25
134.1600037,94.0,0.02,0.0,0.587034285,0.0088,40.25
134.1600037,95.0,0.76,4.3724442969999995,0.587034285,0.0088,42.50000381
134.1600037,92.0,0.02,0.0,0.587034285,0.0088,42.25
134.1600037,90.0,0.84,3.974949361,0.587034285,0.0088,46.00000381
134.1600037,95.0,0.84,3.974949361,0.587034285,0.0088,41.75000381
134.1600037,90.0,0.02,0.0,0.587034285,0.0088,44.25
134.1600037,90.0,0.09,0.0,0.587034285,0.0088,44.5
134.1600037,94.0,0.09,0.0,0.587034285,0.0088,40.5
134.1600037,98.0,0.09,0.0,0.587034285,0.0088,36.5
134.1600037,1.0,0.34,3.2388476269999997,0.587034285,0.0088,133.25
134.1600037,80.0,0.59,1.880621203,0.587034285,0.0088,55.75
134.1600037,80.0,0.84,3.974949361,0.587034285,0.0088,55.75
134.1600037,84.0,0.84,3.974949361,0.587034285,0.0088,52.25
134.1600037,88.0,0.84,3.974949361,0.587034285,0.0088,48.75
134.1600037,92.0,0.84,3.974949361,0.587034285,0.0088,45.25
134.1600037,96.0,0.84,3.974949361,0.587034285,0.0088,41.75
134.1600037,70.0,0.52,2.159231751,0.587034285,0.0088,64.5
134.1600037,85.0,0.52,2.159231751,0.587034285,0.0088,51.00000381
134.1600037,70.0,0.59,1.880621203,0.587034285,0.0088,64.5
134.1600037,85.0,0.59,1.880621203,0.587034285,0.0088,50.25000381
134.1600037,70.0,0.67,1.665693065,0.587034285,0.0088,64.5
134.1600037,85.0,0.67,1.665693065,0.587034285,0.0088,50.50000381
134.1600037,70.0,0.76,4.3724442969999995,0.587034285,0.0088,64.5
134.1600037,85.0,0.76,4.3724442969999995,0.587034285,0.0088,50.75000381
134.1600037,70.0,0.84,3.974949361,0.587034285,0.0088,64.25
134.1600037,85.0,0.84,3.974949361,0.587034285,0.0088,50.25000381
134.1600037,84.0,0.02,0.0,0.587034285,0.0088,50.25
134.1600037,86.0,0.02,0.0,0.587034285,0.0088,48.25
134.1600037,88.0,0.02,0.0,0.587034285,0.0088,46.25
134.1600037,86.0,0.09,0.0,0.587034285,0.0088,48.25
134.1600037,76.0,0.84,3.974949361,0.587034285,0.0088,59.5
134.1600037,60.0,1.59,2.8096027610000003,0.587034285,0.0088,75.25
134.1600037,90.0,0.92,3.643703581,0.587034285,0.0088,47.00000381
134.1600037,95.0,0.92,3.643703581,0.587034285,0.0088,43.00000381
134.1600037,1.0,0.02,0.0,0.587034285,0.0088,133.25
134.1600037,92.0,0.17,0.0,0.587034285,0.0088,42.75
134.1600037,94.0,0.17,0.0,0.587034285,0.0088,41.0
134.1600037,96.0,0.17,0.0,0.587034285,0.0088,39.0
134.1600037,98.0,0.17,0.0,0.587034285,0.0088,37.0
205.8999939,26.0,0.09,0.0,0.310706635,0.0088,180.00001530000003
205.8999939,1.0,0.09,0.0,0.310706635,0.0088,205.0
205.8999939,1.0,0.34,0.0,0.310706635,0.0088,205.0
205.8999939,1.0,0.02,0.0,0.310706635,0.0088,205.0
471.20001219999995,1.0,0.09,0.0,0.36716774799999996,0.0088,470.25
471.20001219999995,1.0,0.34,0.0,0.36716774799999996,0.0088,470.25
471.20001219999995,1.0,0.02,0.0,0.36716774799999996,0.0088,470.25
1115.0,1.0,0.09,0.0,0.573941452,0.0088,1114.0
1115.0,1.0,0.34,3.293929455,0.573941452,0.0088,1114.0
1115.0,1.0,0.02,0.0,0.573941452,0.0088,1114.0
416.89999389999997,1.0,0.09,0.0,0.49886463299999995,0.0088,416.0
416.89999389999997,1.0,0.34,5.29025962,0.49886463299999995,0.0088,416.0
416.89999389999997,1.0,0.02,0.0,0.49886463299999995,0.0088,416.0
656.2000122000001,1.0,0.09,0.0,0.620770511,0.0088,655.25
656.2000122000001,1.0,0.34,7.063274885,0.620770511,0.0088,655.25
656.2000122000001,1.0,0.02,0.0,0.620770511,0.0088,655.25
224.6999969,80.0,0.09,0.0,0.259862769,0.0088,144.75
224.6999969,1.0,0.09,0.0,0.259862769,0.0088,223.75
224.6999969,1.0,0.34,0.0,0.259862769,0.0088,223.75
224.6999969,1.0,0.02,0.0,0.259862769,0.0088,223.75
34.72000122,42.0,0.84,4.43716698,0.506255757,0.0088,1.5
34.72000122,42.0,0.59,4.36009459,0.506255757,0.0088,1.25
34.72000122,42.0,0.34,0.0,0.506255757,0.0088,1.0
34.72000122,37.0,0.17,0.0,0.506255757,0.0088,1.5
34.72000122,37.0,0.09,0.0,0.506255757,0.0088,1.25
34.72000122,37.0,0.02,0.0,0.506255757,0.0088,0.25
34.72000122,40.0,0.84,4.43716698,0.506255757,0.0088,2.0
34.72000122,40.0,0.59,4.36009459,0.506255757,0.0088,1.75
34.72000122,40.0,0.34,0.0,0.506255757,0.0088,1.5
34.72000122,36.0,0.17,0.0,0.506255757,0.0088,2.0
34.72000122,36.0,0.09,0.0,0.506255757,0.0088,1.5
34.72000122,36.0,0.02,0.0,0.506255757,0.0088,0.5
34.72000122,34.0,0.92,4.067403065,0.506255757,0.0088,5.0
34.72000122,34.0,0.84,4.43716698,0.506255757,0.0088,5.0
34.72000122,34.0,0.76,4.880883678,0.506255757,0.0088,4.75
34.72000122,34.0,0.67,3.861798065,0.506255757,0.0088,4.5
34.72000122,48.0,1.09,3.4251815289999996,0.506255757,0.0088,1.0
34.72000122,35.0,0.17,0.0,0.506255757,0.0088,2.5
34.72000122,34.0,0.17,0.0,0.506255757,0.0088,3.0
34.72000122,35.0,0.09,0.0,0.506255757,0.0088,2.0
34.72000122,34.0,0.09,0.0,0.506255757,0.0088,2.5
34.72000122,35.0,0.02,0.0,0.506255757,0.0088,1.0
34.72000122,34.0,0.02,0.0,0.506255757,0.0088,1.5
34.72000122,33.0,0.02,0.0,0.506255757,0.0088,2.25
34.72000122,38.0,0.84,4.43716698,0.506255757,0.0088,2.5
34.72000122,38.0,0.59,4.36009459,0.506255757,0.0088,2.5
34.72000122,38.0,0.34,0.0,0.506255757,0.0088,2.0
34.72000122,33.0,0.17,0.0,0.506255757,0.0088,3.75
34.72000122,33.0,0.09,0.0,0.506255757,0.0088,3.25
34.72000122,32.0,4.93,6.492261901,0.506255757,0.0088,9.25
34.72000122,32.0,0.17,0.0,0.506255757,0.0088,4.25
34.72000122,32.0,4.85,6.594906357999999,0.506255757,0.0088,9.0
34.72000122,24.0,4.85,6.594906357999999,0.506255757,0.0088,12.75000095
34.72000122,24.0,4.75,6.72786818,0.506255757,0.0088,12.50000095
34.72000122,32.0,4.75,6.72786818,0.506255757,0.0088,9.0
34.72000122,30.0,0.84,4.43716698,0.506255757,0.0088,7.250000477
34.72000122,36.0,0.84,4.43716698,0.506255757,0.0088,4.0
34.72000122,22.0,0.84,4.43716698,0.506255757,0.0088,13.25000095
34.72000122,28.0,0.84,4.43716698,0.506255757,0.0088,8.5
34.72000122,26.0,0.84,4.43716698,0.506255757,0.0088,10.0
34.72000122,20.0,0.84,4.43716698,0.506255757,0.0088,15.00000095
34.72000122,16.0,0.84,4.43716698,0.506255757,0.0088,18.75
34.72000122,22.0,0.42,3.413205338,0.506255757,0.0088,13.00000095
34.72000122,16.0,0.42,3.413205338,0.506255757,0.0088,18.75
34.72000122,26.0,0.42,3.413205338,0.506255757,0.0088,9.5
34.72000122,44.0,0.42,3.413205338,0.506255757,0.0088,1.0
34.72000122,34.0,0.42,3.413205338,0.506255757,0.0088,4.25
34.72000122,20.0,0.42,3.413205338,0.506255757,0.0088,14.75000095
34.72000122,32.0,4.42,6.212625198,0.506255757,0.0088,8.75
34.72000122,36.0,0.42,3.413205338,0.506255757,0.0088,3.250000238
34.72000122,30.0,0.42,3.413205338,0.506255757,0.0088,6.500000477
34.72000122,28.0,0.42,3.413205338,0.506255757,0.0088,8.0
34.72000122,24.0,4.35,5.802148458,0.506255757,0.0088,12.50000095
34.72000122,24.0,4.27,5.906222869,0.506255757,0.0088,12.25000095
34.72000122,24.0,4.18,6.041686697,0.506255757,0.0088,12.25000095
34.72000122,24.0,4.1,5.642315615,0.506255757,0.0088,12.25000095
34.72000122,24.0,4.01,5.777299242000001,0.506255757,0.0088,12.00000095
34.72000122,24.0,3.93,5.890027032000001,0.506255757,0.0088,12.00000095
34.72000122,24.0,3.85,6.0072415,0.506255757,0.0088,12.00000095
34.72000122,24.0,3.76,6.160487457,0.506255757,0.0088,12.00000095
34.72000122,24.0,3.68,5.717830121,0.506255757,0.0088,12.00000095
34.72000122,24.0,3.6,5.839486081,0.506255757,0.0088,12.00000095
34.72000122,24.0,3.51,5.999034881,0.506255757,0.0088,11.75000095
34.72000122,24.0,3.43,5.545791400000001,0.506255757,0.0088,11.75000095
34.72000122,24.0,3.33,5.135500998,0.506255757,0.0088,12.00000095
34.72000122,24.0,3.26,5.2563363160000005,0.506255757,0.0088,12.00000095
34.72000122,24.0,3.18,5.382995022,0.506255757,0.0088,11.75000095
34.72000122,24.0,3.08,4.990487883,0.506255757,0.0088,11.75000095
34.72000122,24.0,3.01,5.117634071,0.506255757,0.0088,11.75000095
34.72000122,24.0,2.93,5.251428426,0.506255757,0.0088,11.75000095
34.72000122,24.0,2.84,5.428841547999999,0.506255757,0.0088,11.75000095
34.72000122,24.0,2.76,5.579642702,0.506255757,0.0088,11.75000095
34.72000122,24.0,2.68,5.095428033,0.506255757,0.0088,11.75000095
34.72000122,24.0,2.59,5.28414759,0.506255757,0.0088,11.75000095
34.72000122,24.0,2.51,5.445495608,0.506255757,0.0088,11.75000095
34.72000122,24.0,2.43,4.907490552,0.506255757,0.0088,11.75000095
34.72000122,24.0,2.34,4.43157155,0.506255757,0.0088,11.75000095
34.72000122,24.0,2.26,4.581794315,0.506255757,0.0088,11.75000095
34.72000122,24.0,2.18,4.7425590280000005,0.506255757,0.0088,11.75000095
34.72000122,24.0,2.09,4.271203777,0.506255757,0.0088,11.75000095
34.72000122,24.0,2.01,4.433916302,0.506255757,0.0088,11.75000095
34.72000122,24.0,1.93,4.6095169480000004,0.506255757,0.0088,11.75000095
34.72000122,24.0,1.84,4.849595955,0.506255757,0.0088,11.50000095
34.72000122,24.0,1.76,5.060447953,0.506255757,0.0088,11.50000095
34.72000122,24.0,1.67,4.488168900000001,0.506255757,0.0088,11.50000095
34.72000122,24.0,1.59,4.704466196,0.506255757,0.0088,11.50000095
34.72000122,24.0,1.51,4.942667016000001,0.506255757,0.0088,11.75000095
34.72000122,24.0,1.41,3.456778209,0.506255757,0.0088,11.50000095
34.72000122,24.0,1.34,3.6472537430000003,0.506255757,0.0088,11.50000095
34.72000122,24.0,1.26,3.868299424,0.506255757,0.0088,11.50000095
34.72000122,24.0,1.19,4.1178671289999995,0.506255757,0.0088,11.25000095
34.72000122,24.0,1.09,3.4251815289999996,0.506255757,0.0088,11.50000095
34.72000122,24.0,1.01,3.683685795,0.506255757,0.0088,11.75000095
34.72000122,24.0,0.92,4.067403065,0.506255757,0.0088,11.75000095
34.72000122,24.0,0.84,4.43716698,0.506255757,0.0088,11.50000095
34.72000122,24.0,0.76,4.880883678,0.506255757,0.0088,11.75000095
34.72000122,24.0,0.67,3.861798065,0.506255757,0.0088,11.50000095
34.72000122,24.0,0.59,4.36009459,0.506255757,0.0088,11.50000095
34.72000122,24.0,0.52,5.006034529,0.506255757,0.0088,11.25000095
34.72000122,24.0,0.42,3.413205338,0.506255757,0.0088,11.25000095
34.72000122,12.0,1.09,3.4251815289999996,0.506255757,0.0088,23.0
34.72000122,20.0,0.34,0.0,0.506255757,0.0088,15.0
34.72000122,26.0,0.34,0.0,0.506255757,0.0088,9.5
34.72000122,20.0,0.34,0.0,0.506255757,0.0088,14.75000095
34.72000122,26.0,0.27,0.0,0.506255757,0.0088,9.25
34.72000122,20.0,0.27,0.0,0.506255757,0.0088,14.75000095
34.72000122,26.0,0.17,0.0,0.506255757,0.0088,9.0
34.72000122,20.0,0.17,0.0,0.506255757,0.0088,14.75000095
34.72000122,26.0,0.09,0.0,0.506255757,0.0088,9.0
34.72000122,20.0,0.09,0.0,0.506255757,0.0088,14.75000095
34.72000122,26.0,0.02,0.0,0.506255757,0.0088,8.75
34.72000122,20.0,0.02,0.0,0.506255757,0.0088,14.75000095
34.72000122,40.0,4.35,5.802148458,0.506255757,0.0088,6.250000477
34.72000122,44.0,0.34,0.0,0.506255757,0.0088,0.5
34.72000122,38.0,0.34,0.0,0.506255757,0.0088,2.0
34.72000122,22.0,0.34,0.0,0.506255757,0.0088,13.25
34.72000122,32.0,0.34,0.0,0.506255757,0.0088,5.25
34.72000122,30.0,0.34,0.0,0.506255757,0.0088,6.5
34.72000122,28.0,0.34,0.0,0.506255757,0.0088,8.0
34.72000122,26.0,0.34,0.0,0.506255757,0.0088,9.75
34.72000122,24.0,0.34,0.0,0.506255757,0.0088,11.5
34.72000122,32.0,4.35,5.802148458,0.506255757,0.0088,8.75
34.72000122,36.0,0.34,0.0,0.506255757,0.0088,2.750000238
34.72000122,34.0,0.34,0.0,0.506255757,0.0088,3.750000238
34.72000122,30.0,0.34,0.0,0.506255757,0.0088,6.250000477
34.72000122,28.0,0.34,0.0,0.506255757,0.0088,7.750000477
34.72000122,24.0,0.34,0.0,0.506255757,0.0088,11.25000095
34.72000122,24.0,0.09,0.0,0.506255757,0.0088,10.75
34.72000122,30.0,0.27,0.0,0.506255757,0.0088,6.000000477
34.72000122,30.0,0.17,0.0,0.506255757,0.0088,5.750000477
34.72000122,30.0,0.09,0.0,0.506255757,0.0088,5.2500004769999995
34.72000122,30.0,0.02,0.0,0.506255757,0.0088,4.75
34.72000122,16.0,1.09,3.4251815289999996,0.506255757,0.0088,19.0
34.72000122,16.0,0.59,4.36009459,0.506255757,0.0088,19.0
34.72000122,26.0,0.09,0.0,0.506255757,0.0088,9.0
34.72000122,24.0,0.27,0.0,0.506255757,0.0088,11.00000095
34.72000122,24.0,0.17,0.0,0.506255757,0.0088,11.00000095
34.72000122,24.0,0.09,0.0,0.506255757,0.0088,10.75000095
34.72000122,24.0,0.02,0.0,0.506255757,0.0088,10.75000095
34.72000122,32.0,2.93,5.251428426,0.506255757,0.0088,7.500000477
34.72000122,32.0,1.93,4.6095169480000004,0.506255757,0.0088,7.000000477
34.72000122,32.0,1.51,4.942667016000001,0.506255757,0.0088,6.750000477
34.72000122,32.0,0.42,3.413205338,0.506255757,0.0088,5.2500004769999995
34.72000122,32.0,4.27,5.906222869,0.506255757,0.0088,8.5
34.72000122,32.0,4.18,6.041686697,0.506255757,0.0088,8.5
34.72000122,32.0,4.1,5.642315615,0.506255757,0.0088,8.5
34.72000122,32.0,4.01,5.777299242000001,0.506255757,0.0088,8.0
34.72000122,32.0,3.93,5.890027032000001,0.506255757,0.0088,8.0
34.72000122,32.0,3.85,6.0072415,0.506255757,0.0088,8.0
34.72000122,32.0,3.76,6.160487457,0.506255757,0.0088,7.750000477
34.72000122,32.0,3.68,5.717830121,0.506255757,0.0088,7.750000477
34.72000122,32.0,3.6,5.839486081,0.506255757,0.0088,7.750000477
34.72000122,32.0,3.51,5.999034881,0.506255757,0.0088,7.750000477
34.72000122,32.0,3.43,5.545791400000001,0.506255757,0.0088,7.750000477
34.72000122,32.0,3.33,5.135500998,0.506255757,0.0088,7.750000477
34.72000122,32.0,3.26,5.2563363160000005,0.506255757,0.0088,7.750000477
34.72000122,32.0,3.18,5.382995022,0.506255757,0.0088,7.500000477
34.72000122,32.0,3.08,4.990487883,0.506255757,0.0088,7.500000477
34.72000122,32.0,3.01,5.117634071,0.506255757,0.0088,7.500000477
34.72000122,32.0,2.84,5.428841547999999,0.506255757,0.0088,7.500000477
34.72000122,32.0,2.76,5.579642702,0.506255757,0.0088,7.250000477
34.72000122,32.0,2.68,5.095428033,0.506255757,0.0088,7.250000477
34.72000122,32.0,2.59,5.28414759,0.506255757,0.0088,7.250000477
34.72000122,32.0,2.51,5.445495608,0.506255757,0.0088,7.250000477
34.72000122,32.0,2.43,4.907490552,0.506255757,0.0088,7.250000477
34.72000122,32.0,2.34,4.43157155,0.506255757,0.0088,7.250000477
34.72000122,32.0,2.26,4.581794315,0.506255757,0.0088,7.250000477
34.72000122,32.0,2.18,4.7425590280000005,0.506255757,0.0088,7.000000477
34.72000122,32.0,2.09,4.271203777,0.506255757,0.0088,7.000000477
34.72000122,32.0,2.01,4.433916302,0.506255757,0.0088,7.000000477
34.72000122,32.0,1.84,4.849595955,0.506255757,0.0088,6.750000477
34.72000122,32.0,1.76,5.060447953,0.506255757,0.0088,6.750000477
34.72000122,32.0,1.67,4.488168900000001,0.506255757,0.0088,6.750000477
34.72000122,32.0,1.59,4.704466196,0.506255757,0.0088,6.500000477
34.72000122,32.0,1.41,3.456778209,0.506255757,0.0088,6.500000477
34.72000122,32.0,1.34,3.6472537430000003,0.506255757,0.0088,6.500000477
34.72000122,32.0,1.26,3.868299424,0.506255757,0.0088,6.500000477
34.72000122,32.0,1.19,4.1178671289999995,0.506255757,0.0088,6.000000477
34.72000122,32.0,1.09,3.4251815289999996,0.506255757,0.0088,6.000000477
34.72000122,32.0,1.01,3.683685795,0.506255757,0.0088,6.250000477
34.72000122,32.0,0.92,4.067403065,0.506255757,0.0088,6.250000477
34.72000122,32.0,0.84,4.43716698,0.506255757,0.0088,6.000000477
34.72000122,32.0,0.76,4.880883678,0.506255757,0.0088,6.000000477
34.72000122,32.0,0.67,3.861798065,0.506255757,0.0088,5.750000477
34.72000122,32.0,0.59,4.36009459,0.506255757,0.0088,5.500000477
34.72000122,32.0,0.52,5.006034529,0.506255757,0.0088,5.2500004769999995
34.72000122,32.0,0.34,0.0,0.506255757,0.0088,5.0
34.72000122,34.0,0.27,0.0,0.506255757,0.0088,3.500000238
34.72000122,34.0,0.17,0.0,0.506255757,0.0088,3.000000238
34.72000122,34.0,0.09,0.0,0.506255757,0.0088,2.5
34.72000122,34.0,0.02,0.0,0.506255757,0.0088,1.500000119
34.72000122,38.0,0.02,0.0,0.506255757,0.0088,0.25
34.72000122,28.0,0.02,0.0,0.506255757,0.0088,6.750000477
34.72000122,20.0,1.09,3.4251815289999996,0.506255757,0.0088,15.25
34.72000122,20.0,0.59,4.36009459,0.506255757,0.0088,15.0
34.72000122,30.0,0.09,0.0,0.506255757,0.0088,5.25
34.72000122,28.0,0.09,0.0,0.506255757,0.0088,7.0
34.72000122,38.0,0.27,0.0,0.506255757,0.0088,2.0
34.72000122,28.0,0.27,0.0,0.506255757,0.0088,7.500000477
34.72000122,38.0,0.17,0.0,0.506255757,0.0088,1.25
34.72000122,28.0,0.17,0.0,0.506255757,0.0088,7.250000477
34.72000122,38.0,0.09,0.0,0.506255757,0.0088,0.75000006
34.72000122,28.0,0.09,0.0,0.506255757,0.0088,7.000000477
34.72000122,40.0,4.27,5.906222869,0.506255757,0.0088,6.250000477
34.72000122,40.0,3.43,5.545791400000001,0.506255757,0.0088,5.0
34.72000122,40.0,3.33,5.135500998,0.506255757,0.0088,5.0
34.72000122,40.0,2.93,5.251428426,0.506255757,0.0088,4.75
34.72000122,40.0,1.93,4.6095169480000004,0.506255757,0.0088,4.0
34.72000122,40.0,1.51,4.942667016000001,0.506255757,0.0088,3.750000238
34.72000122,40.0,0.42,3.413205338,0.506255757,0.0088,1.750000119
34.72000122,24.0,1.09,3.4251815289999996,0.506255757,0.0088,11.75
34.72000122,24.0,0.59,4.36009459,0.506255757,0.0088,11.5
34.72000122,40.0,4.18,6.041686697,0.506255757,0.0088,6.000000477
34.72000122,40.0,4.1,5.642315615,0.506255757,0.0088,6.000000477
34.72000122,40.0,4.01,5.777299242000001,0.506255757,0.0088,5.500000477
34.72000122,40.0,3.93,5.890027032000001,0.506255757,0.0088,5.500000477
34.72000122,40.0,3.85,6.0072415,0.506255757,0.0088,5.500000477
34.72000122,40.0,3.76,6.160487457,0.506255757,0.0088,5.2500004769999995
34.72000122,40.0,3.68,5.717830121,0.506255757,0.0088,5.2500004769999995
34.72000122,40.0,3.6,5.839486081,0.506255757,0.0088,5.2500004769999995
34.72000122,40.0,3.51,5.999034881,0.506255757,0.0088,5.0
34.72000122,40.0,3.26,5.2563363160000005,0.506255757,0.0088,5.0
34.72000122,40.0,3.18,5.382995022,0.506255757,0.0088,5.0
34.72000122,40.0,3.08,4.990487883,0.506255757,0.0088,4.75
34.72000122,40.0,3.01,5.117634071,0.506255757,0.0088,4.75
34.72000122,40.0,2.84,5.428841547999999,0.506255757,0.0088,4.75
34.72000122,40.0,2.76,5.579642702,0.506255757,0.0088,4.75
34.72000122,40.0,2.68,5.095428033,0.506255757,0.0088,4.5
34.72000122,40.0,2.59,5.28414759,0.506255757,0.0088,4.5
34.72000122,40.0,2.51,5.445495608,0.506255757,0.0088,4.5
34.72000122,40.0,2.43,4.907490552,0.506255757,0.0088,4.5
34.72000122,40.0,2.34,4.43157155,0.506255757,0.0088,4.5
34.72000122,40.0,2.26,4.581794315,0.506255757,0.0088,4.25
34.72000122,40.0,2.18,4.7425590280000005,0.506255757,0.0088,4.25
34.72000122,40.0,2.09,4.271203777,0.506255757,0.0088,4.25
34.72000122,40.0,2.01,4.433916302,0.506255757,0.0088,4.0
34.72000122,40.0,1.84,4.849595955,0.506255757,0.0088,3.750000238
34.72000122,40.0,1.76,5.060447953,0.506255757,0.0088,3.750000238
34.72000122,40.0,1.67,4.488168900000001,0.506255757,0.0088,3.750000238
34.72000122,40.0,1.59,4.704466196,0.506255757,0.0088,3.500000238
34.72000122,40.0,1.41,3.456778209,0.506255757,0.0088,3.500000238
34.72000122,40.0,1.34,3.6472537430000003,0.506255757,0.0088,3.500000238
34.72000122,40.0,1.26,3.868299424,0.506255757,0.0088,3.500000238
34.72000122,40.0,1.19,4.1178671289999995,0.506255757,0.0088,3.000000238
34.72000122,40.0,1.09,3.4251815289999996,0.506255757,0.0088,3.000000238
34.72000122,40.0,1.01,3.683685795,0.506255757,0.0088,2.750000238
34.72000122,40.0,0.92,4.067403065,0.506255757,0.0088,2.750000238
34.72000122,40.0,0.84,4.43716698,0.506255757,0.0088,2.5
34.72000122,40.0,0.76,4.880883678,0.506255757,0.0088,2.5
34.72000122,40.0,0.67,3.861798065,0.506255757,0.0088,2.25
34.72000122,40.0,0.59,4.36009459,0.506255757,0.0088,2.0
34.72000122,40.0,0.52,5.006034529,0.506255757,0.0088,1.750000119
34.72000122,40.0,0.34,0.0,0.506255757,0.0088,1.25
34.72000122,42.0,0.27,0.0,0.506255757,0.0088,1.0
34.72000122,32.0,0.27,0.0,0.506255757,0.0088,4.75
34.72000122,42.0,0.17,0.0,0.506255757,0.0088,0.5
34.72000122,32.0,0.17,0.0,0.506255757,0.0088,4.25
34.72000122,42.0,0.09,0.0,0.506255757,0.0088,0.25
34.72000122,32.0,0.09,0.0,0.506255757,0.0088,3.750000238
34.72000122,32.0,0.02,0.0,0.506255757,0.0088,3.000000238
34.72000122,28.0,1.09,3.4251815289999996,0.506255757,0.0088,8.5
34.72000122,28.0,0.59,4.36009459,0.506255757,0.0088,8.25
34.72000122,36.0,0.27,0.0,0.506255757,0.0088,2.750000238
34.72000122,36.0,0.17,0.0,0.506255757,0.0088,2.0
34.72000122,36.0,0.09,0.0,0.506255757,0.0088,1.500000119
34.72000122,36.0,0.02,0.0,0.506255757,0.0088,0.5
34.72000122,46.0,0.27,0.0,0.506255757,0.0088,0.25
34.72000122,32.0,1.09,3.4251815289999996,0.506255757,0.0088,5.75
34.72000122,40.0,0.27,0.0,0.506255757,0.0088,1.25
34.72000122,40.0,0.17,0.0,0.506255757,0.0088,0.75000006
34.72000122,48.0,4.27,5.906222869,0.506255757,0.0088,4.5
34.72000122,48.0,4.18,6.041686697,0.506255757,0.0088,4.5
34.72000122,48.0,4.1,5.642315615,0.506255757,0.0088,4.5
34.72000122,48.0,4.01,5.777299242000001,0.506255757,0.0088,4.0
34.72000122,48.0,3.93,5.890027032000001,0.506255757,0.0088,4.0
34.72000122,50.0,0.27,0.0,0.506255757,0.0088,0.25
34.72000122,44.0,0.27,0.0,0.506255757,0.0088,0.5
34.72000122,44.0,0.17,0.0,0.506255757,0.0088,0.25
34.72000122,56.0,4.27,5.906222869,0.506255757,0.0088,3.500000238
34.72000122,36.0,1.09,3.4251815289999996,0.506255757,0.0088,3.75
34.72000122,56.0,4.18,6.041686697,0.506255757,0.0088,3.250000238
34.72000122,50.0,0.34,0.0,0.506255757,0.0088,0.25
34.72000122,56.0,4.1,5.642315615,0.506255757,0.0088,3.250000238
34.72000122,44.0,1.09,3.4251815289999996,0.506255757,0.0088,1.5
34.72000122,40.0,1.09,3.4251815289999996,0.506255757,0.0088,2.25
34.72000122,64.0,0.09,0.0,0.506255757,0.0088,0.25
34.72000122,56.0,0.09,0.0,0.506255757,0.0088,0.25
34.72000122,50.0,0.09,0.0,0.506255757,0.0088,0.25
34.72000122,64.0,4.1,5.642315615,0.506255757,0.0088,2.5
34.72000122,64.0,4.01,5.777299242000001,0.506255757,0.0088,2.0
34.72000122,56.0,4.01,5.777299242000001,0.506255757,0.0088,2.750000238
34.72000122,56.0,3.01,5.117634071,0.506255757,0.0088,2.0
34.72000122,56.0,2.93,5.251428426,0.506255757,0.0088,2.0
34.72000122,56.0,2.84,5.428841547999999,0.506255757,0.0088,2.0
34.72000122,64.0,2.84,5.428841547999999,0.506255757,0.0088,1.25
34.72000122,56.0,2.76,5.579642702,0.506255757,0.0088,2.0
34.72000122,56.0,2.68,5.095428033,0.506255757,0.0088,2.0
34.72000122,56.0,2.59,5.28414759,0.506255757,0.0088,1.750000119
34.72000122,56.0,2.51,5.445495608,0.506255757,0.0088,1.750000119
34.72000122,56.0,2.43,4.907490552,0.506255757,0.0088,1.750000119
34.72000122,56.0,2.34,4.43157155,0.506255757,0.0088,1.750000119
34.72000122,56.0,2.26,4.581794315,0.506255757,0.0088,1.750000119
34.72000122,56.0,2.18,4.7425590280000005,0.506255757,0.0088,1.500000119
34.72000122,56.0,2.09,4.271203777,0.506255757,0.0088,1.500000119
34.72000122,56.0,2.01,4.433916302,0.506255757,0.0088,1.500000119
34.72000122,56.0,1.93,4.6095169480000004,0.506255757,0.0088,1.25
34.72000122,56.0,1.84,4.849595955,0.506255757,0.0088,1.25
34.72000122,56.0,1.76,5.060447953,0.506255757,0.0088,1.25
34.72000122,56.0,1.67,4.488168900000001,0.506255757,0.0088,1.0
34.72000122,56.0,1.59,4.704466196,0.506255757,0.0088,1.0
34.72000122,56.0,1.51,4.942667016000001,0.506255757,0.0088,1.25
34.72000122,56.0,1.41,3.456778209,0.506255757,0.0088,1.0
34.72000122,56.0,1.34,3.6472537430000003,0.506255757,0.0088,1.0
34.72000122,56.0,1.26,3.868299424,0.506255757,0.0088,1.0
34.72000122,56.0,1.19,4.1178671289999995,0.506255757,0.0088,0.75000006
34.72000122,56.0,1.09,3.4251815289999996,0.506255757,0.0088,0.75000006
34.72000122,64.0,2.76,5.579642702,0.506255757,0.0088,1.25
34.72000122,64.0,2.68,5.095428033,0.506255757,0.0088,1.25
34.72000122,64.0,2.59,5.28414759,0.506255757,0.0088,1.25
34.72000122,64.0,2.51,5.445495608,0.506255757,0.0088,1.25
34.72000122,64.0,2.43,4.907490552,0.506255757,0.0088,1.0
34.72000122,72.0,2.34,4.43157155,0.506255757,0.0088,0.75000006
34.72000122,64.0,2.34,4.43157155,0.506255757,0.0088,1.0
34.72000122,72.0,2.26,4.581794315,0.506255757,0.0088,0.75000006
34.72000122,64.0,2.26,4.581794315,0.506255757,0.0088,1.0
34.72000122,64.0,2.18,4.7425590280000005,0.506255757,0.0088,1.0
34.72000122,72.0,2.18,4.7425590280000005,0.506255757,0.0088,0.5
34.72000122,72.0,2.09,4.271203777,0.506255757,0.0088,0.5
34.72000122,72.0,2.01,4.433916302,0.506255757,0.0088,0.5
34.72000122,64.0,2.09,4.271203777,0.506255757,0.0088,1.0
34.72000122,64.0,2.01,4.433916302,0.506255757,0.0088,0.75000006
34.72000122,72.0,1.93,4.6095169480000004,0.506255757,0.0088,0.5
34.72000122,72.0,1.84,4.849595955,0.506255757,0.0088,0.5
34.72000122,72.0,1.76,5.060447953,0.506255757,0.0088,0.5
34.72000122,64.0,1.93,4.6095169480000004,0.506255757,0.0088,0.75000006
34.72000122,64.0,1.84,4.849595955,0.506255757,0.0088,0.75000006
34.72000122,64.0,1.76,5.060447953,0.506255757,0.0088,0.75000006
34.72000122,64.0,1.67,4.488168900000001,0.506255757,0.0088,0.5
34.72000122,72.0,1.67,4.488168900000001,0.506255757,0.0088,0.25
34.72000122,64.0,1.59,4.704466196,0.506255757,0.0088,0.5
34.72000122,72.0,1.59,4.704466196,0.506255757,0.0088,0.25
34.72000122,64.0,1.51,4.942667016000001,0.506255757,0.0088,0.75000006
34.72000122,72.0,1.51,4.942667016000001,0.506255757,0.0088,0.25
34.72000122,72.0,1.41,3.456778209,0.506255757,0.0088,0.25
34.72000122,64.0,1.41,3.456778209,0.506255757,0.0088,0.5
34.72000122,64.0,1.34,3.6472537430000003,0.506255757,0.0088,0.5
34.72000122,72.0,1.34,3.6472537430000003,0.506255757,0.0088,0.25
34.72000122,72.0,1.26,3.868299424,0.506255757,0.0088,0.25
34.72000122,72.0,1.19,4.1178671289999995,0.506255757,0.0088,0.25
34.72000122,72.0,1.09,3.4251815289999996,0.506255757,0.0088,0.25
34.72000122,64.0,1.26,3.868299424,0.506255757,0.0088,0.5
34.72000122,64.0,1.19,4.1178671289999995,0.506255757,0.0088,0.25
34.72000122,64.0,1.09,3.4251815289999996,0.506255757,0.0088,0.25
34.72000122,56.0,1.01,3.683685795,0.506255757,0.0088,0.25
34.72000122,56.0,0.92,4.067403065,0.506255757,0.0088,0.25
34.72000122,56.0,0.59,4.36009459,0.506255757,0.0088,0.25
34.72000122,48.0,0.27,0.0,0.506255757,0.0088,0.25
34.72000122,48.0,0.34,0.0,0.506255757,0.0088,0.25
34.72000122,48.0,0.42,3.413205338,0.506255757,0.0088,0.5
34.72000122,48.0,0.52,5.006034529,0.506255757,0.0088,0.5
34.72000122,48.0,0.59,4.36009459,0.506255757,0.0088,0.5
34.72000122,56.0,0.67,3.861798065,0.506255757,0.0088,0.25
34.72000122,48.0,0.67,3.861798065,0.506255757,0.0088,0.75000006
34.72000122,56.0,0.76,4.880883678,0.506255757,0.0088,0.25
34.72000122,64.0,0.76,4.880883678,0.506255757,0.0088,0.25
34.72000122,56.0,0.84,4.43716698,0.506255757,0.0088,0.25
34.72000122,48.0,0.76,4.880883678,0.506255757,0.0088,1.0
34.72000122,48.0,0.84,4.43716698,0.506255757,0.0088,0.75000006
34.72000122,48.0,0.92,4.067403065,0.506255757,0.0088,1.0
34.72000122,48.0,1.01,3.683685795,0.506255757,0.0088,1.0
34.72000122,48.0,1.09,3.4251815289999996,0.506255757,0.0088,1.500000119
34.72000122,48.0,1.19,4.1178671289999995,0.506255757,0.0088,1.500000119
34.72000122,48.0,1.26,3.868299424,0.506255757,0.0088,1.750000119
34.72000122,48.0,1.34,3.6472537430000003,0.506255757,0.0088,2.0
34.72000122,48.0,1.41,3.456778209,0.506255757,0.0088,2.0
34.72000122,48.0,1.51,4.942667016000001,0.506255757,0.0088,2.0
34.72000122,48.0,1.59,4.704466196,0.506255757,0.0088,2.0
34.72000122,48.0,1.67,4.488168900000001,0.506255757,0.0088,2.0
34.72000122,48.0,1.76,5.060447953,0.506255757,0.0088,2.0
34.72000122,48.0,1.84,4.849595955,0.506255757,0.0088,2.25
34.72000122,48.0,1.93,4.6095169480000004,0.506255757,0.0088,2.25
34.72000122,48.0,2.01,4.433916302,0.506255757,0.0088,2.25
34.72000122,48.0,2.09,4.271203777,0.506255757,0.0088,2.5
34.72000122,48.0,2.18,4.7425590280000005,0.506255757,0.0088,2.5
34.72000122,48.0,2.26,4.581794315,0.506255757,0.0088,2.750000238
34.72000122,48.0,2.34,4.43157155,0.506255757,0.0088,2.750000238
34.72000122,48.0,2.43,4.907490552,0.506255757,0.0088,2.750000238
34.72000122,48.0,2.51,5.445495608,0.506255757,0.0088,2.750000238
34.72000122,48.0,2.59,5.28414759,0.506255757,0.0088,2.750000238
34.72000122,48.0,2.68,5.095428033,0.506255757,0.0088,3.000000238
34.72000122,48.0,2.76,5.579642702,0.506255757,0.0088,3.000000238
34.72000122,48.0,2.84,5.428841547999999,0.506255757,0.0088,3.000000238
34.72000122,48.0,2.93,5.251428426,0.506255757,0.0088,3.250000238
34.72000122,48.0,3.01,5.117634071,0.506255757,0.0088,3.250000238
34.72000122,48.0,3.08,4.990487883,0.506255757,0.0088,3.250000238
34.72000122,52.0,0.09,0.0,0.506255757,0.0088,0.25
34.72000122,60.0,0.09,0.0,0.506255757,0.0088,0.25
34.72000122,56.0,3.08,4.990487883,0.506255757,0.0088,2.25
34.72000122,56.0,3.18,5.382995022,0.506255757,0.0088,2.25
34.72000122,56.0,3.26,5.2563363160000005,0.506255757,0.0088,2.25
34.72000122,64.0,2.93,5.251428426,0.506255757,0.0088,1.500000119
34.72000122,64.0,3.01,5.117634071,0.506255757,0.0088,1.500000119
34.72000122,64.0,3.08,4.990487883,0.506255757,0.0088,1.500000119
34.72000122,64.0,3.18,5.382995022,0.506255757,0.0088,1.500000119
34.72000122,64.0,3.26,5.2563363160000005,0.506255757,0.0088,1.500000119
34.72000122,64.0,3.33,5.135500998,0.506255757,0.0088,1.750000119
34.72000122,64.0,3.43,5.545791400000001,0.506255757,0.0088,1.750000119
34.72000122,56.0,3.33,5.135500998,0.506255757,0.0088,2.5
34.72000122,56.0,3.43,5.545791400000001,0.506255757,0.0088,2.5
34.72000122,64.0,3.51,5.999034881,0.506255757,0.0088,1.750000119
34.72000122,56.0,3.51,5.999034881,0.506255757,0.0088,2.5
34.72000122,56.0,3.6,5.839486081,0.506255757,0.0088,2.5
34.72000122,56.0,3.68,5.717830121,0.506255757,0.0088,2.5
34.72000122,36.0,0.59,4.36009459,0.506255757,0.0088,3.25
34.72000122,48.0,3.18,5.382995022,0.506255757,0.0088,3.250000238
34.72000122,48.0,3.26,5.2563363160000005,0.506255757,0.0088,3.500000238
34.72000122,48.0,3.33,5.135500998,0.506255757,0.0088,3.500000238
34.72000122,48.0,3.43,5.545791400000001,0.506255757,0.0088,3.500000238
34.72000122,48.0,3.51,5.999034881,0.506255757,0.0088,3.500000238
34.72000122,48.0,3.6,5.839486081,0.506255757,0.0088,3.500000238
34.72000122,48.0,3.68,5.717830121,0.506255757,0.0088,3.750000238
34.72000122,32.0,0.59,4.36009459,0.506255757,0.0088,5.5
34.72000122,48.0,3.76,6.160487457,0.506255757,0.0088,3.750000238
34.72000122,40.0,0.09,0.0,0.506255757,0.0088,0.5
34.72000122,56.0,3.76,6.160487457,0.506255757,0.0088,2.750000238
34.72000122,56.0,3.85,6.0072415,0.506255757,0.0088,2.750000238
34.72000122,0.44,0.09,0.0,0.506255757,0.0088,34.25
34.72000122,48.0,3.85,6.0072415,0.506255757,0.0088,3.750000238
34.72000122,64.0,3.6,5.839486081,0.506255757,0.0088,1.750000119
34.72000122,64.0,3.68,5.717830121,0.506255757,0.0088,1.750000119
34.72000122,64.0,3.76,6.160487457,0.506255757,0.0088,2.0
34.72000122,64.0,3.85,6.0072415,0.506255757,0.0088,2.0
34.72000122,64.0,3.93,5.890027032000001,0.506255757,0.0088,2.0
34.72000122,56.0,3.93,5.890027032000001,0.506255757,0.0088,2.750000238
34.72000122,20.0,0.52,5.006034529,0.506255757,0.0088,14.75000095
34.72000122,26.0,0.52,5.006034529,0.506255757,0.0088,9.5
34.72000122,28.0,0.52,5.006034529,0.506255757,0.0088,8.0
34.72000122,30.0,0.52,5.006034529,0.506255757,0.0088,6.500000477
34.72000122,36.0,0.52,5.006034529,0.506255757,0.0088,3.250000238
34.72000122,32.0,4.5,6.601574918,0.506255757,0.0088,8.75
34.72000122,34.0,0.52,5.006034529,0.506255757,0.0088,4.25
34.72000122,38.0,0.42,3.413205338,0.506255757,0.0088,2.5
34.72000122,38.0,0.52,5.006034529,0.506255757,0.0088,2.5
34.72000122,44.0,0.52,5.006034529,0.506255757,0.0088,1.0
34.72000122,44.0,0.09,0.0,0.506255757,0.0088,0.25
34.72000122,40.0,4.42,6.212625198,0.506255757,0.0088,6.250000477
34.72000122,40.0,4.5,6.601574918,0.506255757,0.0088,6.500000477
34.72000122,28.0,0.59,4.36009459,0.506255757,0.0088,8.25
34.72000122,30.0,0.59,4.36009459,0.506255757,0.0088,6.750000477
34.72000122,34.0,0.59,4.36009459,0.506255757,0.0088,4.25
34.72000122,36.0,0.59,4.36009459,0.506255757,0.0088,3.500000238
34.72000122,32.0,4.6,6.464042107,0.506255757,0.0088,9.0
34.72000122,1.0,0.09,0.0,0.506255757,0.0088,33.75
34.72000122,26.0,0.59,4.36009459,0.506255757,0.0088,9.75
34.72000122,30.0,0.59,4.36009459,0.506255757,0.0088,6.75
34.72000122,34.0,0.59,4.36009459,0.506255757,0.0088,4.25
34.72000122,16.0,1.59,4.704466196,0.506255757,0.0088,19.0
34.72000122,20.0,1.59,4.704466196,0.506255757,0.0088,15.25
34.72000122,24.0,1.59,4.704466196,0.506255757,0.0088,12.0
34.72000122,28.0,1.59,4.704466196,0.506255757,0.0088,8.75
34.72000122,32.0,1.59,4.704466196,0.506255757,0.0088,6.25
34.72000122,36.0,1.59,4.704466196,0.506255757,0.0088,4.25
34.72000122,40.0,1.59,4.704466196,0.506255757,0.0088,3.0
34.72000122,44.0,1.59,4.704466196,0.506255757,0.0088,2.0
34.72000122,48.0,1.59,4.704466196,0.506255757,0.0088,1.25
34.72000122,22.0,0.59,4.36009459,0.506255757,0.0088,13.25
34.72000122,20.0,0.59,4.36009459,0.506255757,0.0088,15.00000095
34.72000122,12.0,1.59,4.704466196,0.506255757,0.0088,23.0
34.72000122,28.0,0.67,3.861798065,0.506255757,0.0088,8.5
34.72000122,30.0,0.67,3.861798065,0.506255757,0.0088,7.000000477
34.72000122,36.0,0.67,3.861798065,0.506255757,0.0088,3.500000238
34.72000122,32.0,4.68,6.358074203999999,0.506255757,0.0088,9.0
34.72000122,20.0,0.67,3.861798065,0.506255757,0.0088,15.00000095
34.72000122,26.0,0.59,4.36009459,0.506255757,0.0088,9.75
34.72000122,26.0,0.67,3.861798065,0.506255757,0.0088,10.0
34.72000122,24.0,4.42,6.212625198,0.506255757,0.0088,12.50000095
34.72000122,24.0,4.5,6.601574918,0.506255757,0.0088,12.50000095
34.72000122,24.0,4.6,6.464042107,0.506255757,0.0088,12.50000095
34.72000122,24.0,4.68,6.358074203999999,0.506255757,0.0088,12.50000095
34.72000122,18.0,0.34,0.0,0.506255757,0.0088,17.0
34.72000122,18.0,0.59,4.36009459,0.506255757,0.0088,17.0
34.72000122,20.0,0.76,4.880883678,0.506255757,0.0088,15.00000095
34.72000122,26.0,0.76,4.880883678,0.506255757,0.0088,10.0
34.72000122,28.0,0.76,4.880883678,0.506255757,0.0088,8.5
34.72000122,30.0,0.76,4.880883678,0.506255757,0.0088,7.250000477
34.72000122,36.0,0.76,4.880883678,0.506255757,0.0088,3.750000238
34.72000122,24.0,0.02,0.0,0.506255757,0.0088,10.75
34.72000122,25.0,0.02,0.0,0.506255757,0.0088,10.0
34.72000122,26.0,0.02,0.0,0.506255757,0.0088,9.0
34.72000122,27.0,0.02,0.0,0.506255757,0.0088,8.0
34.72000122,28.0,0.02,0.0,0.506255757,0.0088,7.0
34.72000122,29.0,0.02,0.0,0.506255757,0.0088,6.0
34.72000122,23.0,0.02,0.0,0.506255757,0.0088,11.75
34.72000122,22.0,0.02,0.0,0.506255757,0.0088,12.75
34.72000122,16.0,0.02,0.0,0.506255757,0.0088,18.75
34.72000122,16.0,0.09,0.0,0.506255757,0.0088,18.75
34.72000122,16.0,0.17,0.0,0.506255757,0.0088,18.75
34.72000122,16.0,0.27,0.0,0.506255757,0.0088,18.75
34.72000122,16.0,0.34,0.0,0.506255757,0.0088,18.75
34.72000122,16.0,0.52,5.006034529,0.506255757,0.0088,18.75
34.72000122,16.0,0.59,4.36009459,0.506255757,0.0088,18.75
34.72000122,16.0,0.67,3.861798065,0.506255757,0.0088,18.75
34.72000122,16.0,0.76,4.880883678,0.506255757,0.0088,18.75
34.72000122,8.0,1.09,3.4251815289999996,0.506255757,0.0088,27.0
34.72000122,8.0,1.59,4.704466196,0.506255757,0.0088,26.75
34.72000122,54.0,0.59,4.36009459,0.506255757,0.0088,0.25
34.72000122,21.0,0.02,0.0,0.506255757,0.0088,13.75
34.72000122,23.0,0.09,0.0,0.506255757,0.0088,11.75
34.72000122,25.0,0.09,0.0,0.506255757,0.0088,9.75
34.72000122,27.0,0.09,0.0,0.506255757,0.0088,8.0
34.72000122,29.0,0.09,0.0,0.506255757,0.0088,6.25
34.72000122,1.0,0.34,0.0,0.506255757,0.0088,33.75
34.72000122,18.0,0.84,4.43716698,0.506255757,0.0088,17.25
34.72000122,20.0,0.84,4.43716698,0.506255757,0.0088,15.25
34.72000122,22.0,0.84,4.43716698,0.506255757,0.0088,13.25
34.72000122,24.0,0.84,4.43716698,0.506255757,0.0088,11.5
34.72000122,26.0,0.84,4.43716698,0.506255757,0.0088,9.75
34.72000122,28.0,0.84,4.43716698,0.506255757,0.0088,8.25
34.72000122,30.0,0.84,4.43716698,0.506255757,0.0088,6.75
34.72000122,32.0,0.84,4.43716698,0.506255757,0.0088,5.5
34.72000122,34.0,0.84,4.43716698,0.506255757,0.0088,4.25
34.72000122,22.0,0.02,0.0,0.506255757,0.0088,12.75000095
34.72000122,22.0,0.09,0.0,0.506255757,0.0088,12.75000095
34.72000122,22.0,0.17,0.0,0.506255757,0.0088,12.75000095
34.72000122,22.0,0.27,0.0,0.506255757,0.0088,12.75000095
34.72000122,22.0,0.34,0.0,0.506255757,0.0088,13.00000095
34.72000122,22.0,0.52,5.006034529,0.506255757,0.0088,13.00000095
34.72000122,22.0,0.59,4.36009459,0.506255757,0.0088,13.00000095
34.72000122,22.0,0.67,3.861798065,0.506255757,0.0088,13.25000095
34.72000122,22.0,0.76,4.880883678,0.506255757,0.0088,13.25000095
34.72000122,16.0,0.84,4.43716698,0.506255757,0.0088,19.0
34.72000122,30.0,0.02,0.0,0.506255757,0.0088,5.0
34.72000122,31.0,0.02,0.0,0.506255757,0.0088,4.0
34.72000122,31.0,0.09,0.0,0.506255757,0.0088,4.5
34.72000122,34.0,0.34,0.0,0.506255757,0.0088,4.0
34.72000122,36.0,0.34,0.0,0.506255757,0.0088,3.0
34.72000122,36.0,0.84,4.43716698,0.506255757,0.0088,3.25
34.72000122,32.0,0.02,0.0,0.506255757,0.0088,3.0
34.72000122,32.0,0.09,0.0,0.506255757,0.0088,3.75
34.72000122,20.0,0.92,4.067403065,0.506255757,0.0088,15.00000095
34.72000122,26.0,0.92,4.067403065,0.506255757,0.0088,10.25000095
34.72000122,28.0,0.92,4.067403065,0.506255757,0.0088,8.75
34.72000122,30.0,0.92,4.067403065,0.506255757,0.0088,7.250000477
34.72000122,36.0,0.92,4.067403065,0.506255757,0.0088,4.25
34.72000122,24.0,4.93,6.492261901,0.506255757,0.0088,12.75000095
34.72000122,1.0,0.02,0.0,0.506255757,0.0088,33.75
34.72000122,23.0,0.17,0.0,0.506255757,0.0088,12.0
34.72000122,24.0,0.17,0.0,0.506255757,0.0088,11.0
34.72000122,25.0,0.17,0.0,0.506255757,0.0088,10.0
34.72000122,26.0,0.17,0.0,0.506255757,0.0088,9.25
34.72000122,27.0,0.17,0.0,0.506255757,0.0088,8.25
34.72000122,28.0,0.17,0.0,0.506255757,0.0088,7.5
34.72000122,29.0,0.17,0.0,0.506255757,0.0088,6.75
34.72000122,30.0,0.17,0.0,0.506255757,0.0088,5.75
34.72000122,31.0,0.17,0.0,0.506255757,0.0088,5.0
1698.5,1.0,0.09,0.0,0.373024762,0.0088,1697.5
1698.5,1.0,0.34,0.0,0.373024762,0.0088,1697.5
1698.5,1.0,0.02,0.0,0.373024762,0.0088,1697.5
148.6000061,80.0,4.75,2.497290289,0.773070995,0.0088,74.25
148.6000061,70.0,0.42,0.0,0.773070995,0.0088,79.0
148.6000061,40.0,0.42,0.0,0.773070995,0.0088,108.50000759999999
148.6000061,80.0,4.42,2.682732638,0.773070995,0.0088,73.5
148.6000061,90.0,0.42,0.0,0.773070995,0.0088,60.25000381
148.6000061,60.0,0.42,0.0,0.773070995,0.0088,88.75000763
148.6000061,70.0,0.34,0.0,0.773070995,0.0088,78.75
148.6000061,70.0,0.27,0.0,0.773070995,0.0088,78.75
148.6000061,70.0,0.17,0.0,0.773070995,0.0088,78.5
148.6000061,70.0,0.09,0.0,0.773070995,0.0088,78.5
148.6000061,70.0,0.02,0.0,0.773070995,0.0088,78.5
148.6000061,40.0,0.34,0.0,0.773070995,0.0088,108.50000759999999
148.6000061,40.0,0.27,0.0,0.773070995,0.0088,108.50000759999999
148.6000061,40.0,0.17,0.0,0.773070995,0.0088,108.50000759999999
148.6000061,40.0,0.09,0.0,0.773070995,0.0088,108.50000759999999
148.6000061,40.0,0.02,0.0,0.773070995,0.0088,108.50000759999999
148.6000061,80.0,4.35,2.233664739,0.773070995,0.0088,73.5
148.6000061,80.0,4.27,2.273730475,0.773070995,0.0088,73.25
148.6000061,80.0,4.18,2.325880256,0.773070995,0.0088,73.25
148.6000061,80.0,4.1,2.369354654,0.773070995,0.0088,73.25
148.6000061,80.0,4.01,2.426037779,0.773070995,0.0088,73.0
148.6000061,80.0,3.93,2.473375102,0.773070995,0.0088,72.75
148.6000061,80.0,3.85,2.522596497,0.773070995,0.0088,72.75
148.6000061,80.0,3.76,2.300504326,0.773070995,0.0088,72.75
148.6000061,80.0,3.68,2.3484315,0.773070995,0.0088,72.5
148.6000061,80.0,3.6,2.398398127,0.773070995,0.0088,72.5
148.6000061,80.0,3.51,2.463928131,0.773070995,0.0088,72.5
148.6000061,80.0,3.43,2.518987977,0.773070995,0.0088,72.25
148.6000061,80.0,3.33,1.976299805,0.773070995,0.0088,73.0
148.6000061,80.0,3.26,2.0228009769999997,0.773070995,0.0088,72.75
148.6000061,80.0,3.18,2.071543169,0.773070995,0.0088,72.5
148.6000061,80.0,3.08,2.135876808,0.773070995,0.0088,72.5
148.6000061,80.0,3.01,2.190294051,0.773070995,0.0088,72.5
148.6000061,80.0,2.93,2.247556641,0.773070995,0.0088,72.25
148.6000061,80.0,2.84,2.323487608,0.773070995,0.0088,72.25
148.6000061,80.0,2.76,2.010330492,0.773070995,0.0088,72.25
148.6000061,80.0,2.68,2.0677685059999997,0.773070995,0.0088,72.25
148.6000061,80.0,2.59,2.144352525,0.773070995,0.0088,72.0
148.6000061,80.0,2.51,2.2098289380000002,0.773070995,0.0088,72.0
148.6000061,80.0,2.43,2.279429849,0.773070995,0.0088,72.0
148.6000061,80.0,2.34,1.5387566769999999,0.773070995,0.0088,72.25
148.6000061,80.0,2.26,1.59091792,0.773070995,0.0088,72.0
148.6000061,80.0,2.18,1.6467396019999998,0.773070995,0.0088,71.75
148.6000061,80.0,2.09,1.722278116,0.773070995,0.0088,71.75
148.6000061,80.0,2.01,1.787888711,0.773070995,0.0088,71.5
148.6000061,80.0,1.93,1.858696184,0.773070995,0.0088,71.25
148.6000061,80.0,1.84,1.9555032769999998,0.773070995,0.0088,71.25
148.6000061,80.0,1.76,1.50655597,0.773070995,0.0088,71.25
148.6000061,80.0,1.67,1.593139646,0.773070995,0.0088,71.0
148.6000061,80.0,1.59,1.66991746,0.773070995,0.0088,71.0
148.6000061,80.0,1.51,1.754470243,0.773070995,0.0088,70.75
148.6000061,80.0,1.41,1.876638384,0.773070995,0.0088,70.5
148.6000061,80.0,1.34,0.651660344,0.773070995,0.0088,70.75
148.6000061,80.0,1.26,0.6911549109999999,0.773070995,0.0088,70.5
148.6000061,80.0,1.19,0.73574555,0.773070995,0.0088,70.25
148.6000061,80.0,1.09,0.800284633,0.773070995,0.0088,70.0
148.6000061,80.0,1.01,0.8606834740000001,0.773070995,0.0088,72.75
148.6000061,80.0,0.92,0.9503380020000001,0.773070995,0.0088,72.25
148.6000061,80.0,0.84,1.0367323659999998,0.773070995,0.0088,72.0
148.6000061,80.0,0.76,0.0,0.773070995,0.0088,71.5
148.6000061,80.0,0.67,0.0,0.773070995,0.0088,71.0
148.6000061,80.0,0.59,0.0,0.773070995,0.0088,70.5
148.6000061,80.0,0.52,0.0,0.773070995,0.0088,69.75
148.6000061,80.0,0.42,0.0,0.773070995,0.0088,69.5
148.6000061,90.0,0.34,0.0,0.773070995,0.0088,59.75000381
148.6000061,80.0,0.34,0.0,0.773070995,0.0088,69.0
148.6000061,60.0,0.34,0.0,0.773070995,0.0088,88.75000763
148.6000061,90.0,0.27,0.0,0.773070995,0.0088,59.75000381
148.6000061,90.0,0.17,0.0,0.773070995,0.0088,58.75000381
148.6000061,90.0,0.09,0.0,0.773070995,0.0088,58.50000381
148.6000061,90.0,0.02,0.0,0.773070995,0.0088,58.50000381
148.6000061,60.0,0.27,0.0,0.773070995,0.0088,88.75000763
148.6000061,60.0,0.17,0.0,0.773070995,0.0088,88.50000763
148.6000061,60.0,0.09,0.0,0.773070995,0.0088,88.50000763
148.6000061,60.0,0.02,0.0,0.773070995,0.0088,88.50000763
148.6000061,80.0,0.27,0.0,0.773070995,0.0088,69.25
148.6000061,80.0,0.17,0.0,0.773070995,0.0088,68.5
148.6000061,80.0,0.09,0.0,0.773070995,0.0088,68.5
148.6000061,80.0,0.02,0.0,0.773070995,0.0088,68.5
148.6000061,40.0,0.52,0.0,0.773070995,0.0088,108.50000759999999
148.6000061,60.0,0.52,0.0,0.773070995,0.0088,88.75000763
148.6000061,90.0,0.52,0.0,0.773070995,0.0088,61.00000381
148.6000061,80.0,4.5,2.635438263,0.773070995,0.0088,73.75
148.6000061,60.0,0.59,0.0,0.773070995,0.0088,89.00000763
148.6000061,90.0,0.59,0.0,0.773070995,0.0088,61.75000381
148.6000061,60.0,0.67,0.0,0.773070995,0.0088,89.25000763
148.6000061,90.0,0.67,0.0,0.773070995,0.0088,62.50000381
148.6000061,80.0,4.6,2.5805332990000003,0.773070995,0.0088,74.0
148.6000061,80.0,4.68,2.538229474,0.773070995,0.0088,74.0
148.6000061,40.0,0.59,0.0,0.773070995,0.0088,108.75000759999999
148.6000061,40.0,0.67,0.0,0.773070995,0.0088,108.75000759999999
148.6000061,60.0,0.76,0.0,0.773070995,0.0088,89.50000763
148.6000061,90.0,0.76,0.0,0.773070995,0.0088,63.25000381
148.6000061,60.0,0.84,1.0367323659999998,0.773070995,0.0088,89.50000763
144.6000061,80.0,4.75,7.567962078,0.8629476509999999,0.0088,78.25
144.6000061,80.0,4.42,6.1675402660000005,0.8629476509999999,0.0088,77.5
144.6000061,80.0,4.27,6.384846297,0.8629476509999999,0.0088,77.25
144.6000061,80.0,3.43,3.886762974,0.8629476509999999,0.0088,78.5
144.6000061,80.0,3.26,4.092532779,0.8629476509999999,0.0088,78.0
144.6000061,80.0,2.34,0.0,0.8629476509999999,0.0088,79.75
144.6000061,80.0,2.18,0.0,0.8629476509999999,0.0088,79.0
144.6000061,80.0,2.09,0.0,0.8629476509999999,0.0088,78.75
144.6000061,80.0,1.19,0.0,0.8629476509999999,0.0088,73.5
144.6000061,80.0,0.92,0.0,0.8629476509999999,0.0088,72.5
144.6000061,40.0,0.52,0.0,0.8629476509999999,0.0088,105.25000759999999
144.6000061,92.77,0.52,0.0,0.8629476509999999,0.0088,62.00000381
144.6000061,79.52,0.52,0.0,0.8629476509999999,0.0088,71.5
144.6000061,53.01,0.52,0.0,0.8629476509999999,0.0088,93.25000763
144.6000061,40.0,0.34,0.0,0.8629476509999999,0.0088,104.75000759999999
144.6000061,92.77,0.34,0.0,0.8629476509999999,0.0088,57.00000381
144.6000061,53.01,0.34,0.0,0.8629476509999999,0.0088,92.00000763
144.6000061,79.52,0.34,0.0,0.8629476509999999,0.0088,68.0
144.6000061,40.0,0.27,0.0,0.8629476509999999,0.0088,104.75000759999999
144.6000061,92.77,0.27,0.0,0.8629476509999999,0.0088,55.75000381
144.6000061,53.01,0.27,0.0,0.8629476509999999,0.0088,91.75000763
144.6000061,79.52,0.27,0.0,0.8629476509999999,0.0088,67.0
144.6000061,79.52,0.02,0.0,0.8629476509999999,0.0088,65.0
144.6000061,53.01,0.02,0.0,0.8629476509999999,0.0088,91.50000763
144.6000061,92.77,0.02,0.0,0.8629476509999999,0.0088,51.75000381
144.6000061,79.52,0.09,0.0,0.8629476509999999,0.0088,66.0
144.6000061,53.01,0.09,0.0,0.8629476509999999,0.0088,91.75000763
144.6000061,92.77,0.09,0.0,0.8629476509999999,0.0088,53.75000381
144.6000061,79.52,0.17,0.0,0.8629476509999999,0.0088,66.0
144.6000061,53.01,0.17,0.0,0.8629476509999999,0.0088,91.75000763
144.6000061,92.77,0.17,0.0,0.8629476509999999,0.0088,54.25000381
144.6000061,79.52,0.42,0.0,0.8629476509999999,0.0088,69.0
144.6000061,53.01,0.42,0.0,0.8629476509999999,0.0088,92.25000763
144.6000061,92.77,0.42,0.0,0.8629476509999999,0.0088,58.75000381
144.6000061,79.52,0.59,0.0,0.8629476509999999,0.0088,70.0
144.6000061,53.01,0.59,0.0,0.8629476509999999,0.0088,92.75000763
144.6000061,92.77,0.59,0.0,0.8629476509999999,0.0088,60.00000381
144.6000061,79.52,0.67,0.0,0.8629476509999999,0.0088,70.75
144.6000061,53.01,0.67,0.0,0.8629476509999999,0.0088,93.00000763
144.6000061,92.77,0.67,0.0,0.8629476509999999,0.0088,61.25000381
144.6000061,79.52,0.76,0.0,0.8629476509999999,0.0088,72.0
144.6000061,40.0,0.02,0.0,0.8629476509999999,0.0088,104.50000759999999
144.6000061,80.0,0.02,0.0,0.8629476509999999,0.0088,64.5
144.6000061,40.0,0.09,0.0,0.8629476509999999,0.0088,104.50000759999999
144.6000061,80.0,0.09,0.0,0.8629476509999999,0.0088,65.5
144.6000061,40.0,0.17,0.0,0.8629476509999999,0.0088,104.50000759999999
144.6000061,80.0,0.17,0.0,0.8629476509999999,0.0088,65.75
144.6000061,80.0,0.27,0.0,0.8629476509999999,0.0088,66.5
144.6000061,80.0,0.34,0.0,0.8629476509999999,0.0088,67.5
144.6000061,40.0,0.42,0.0,0.8629476509999999,0.0088,104.75000759999999
144.6000061,80.0,0.42,0.0,0.8629476509999999,0.0088,68.75
144.6000061,80.0,0.52,0.0,0.8629476509999999,0.0088,71.25
144.6000061,40.0,0.59,0.0,0.8629476509999999,0.0088,105.00000759999999
144.6000061,80.0,0.59,0.0,0.8629476509999999,0.0088,69.5
144.6000061,40.0,0.67,0.0,0.8629476509999999,0.0088,105.00000759999999
144.6000061,80.0,0.67,0.0,0.8629476509999999,0.0088,70.5
144.6000061,40.0,0.76,0.0,0.8629476509999999,0.0088,105.25000759999999
144.6000061,80.0,0.76,0.0,0.8629476509999999,0.0088,71.75
144.6000061,40.0,0.84,0.0,0.8629476509999999,0.0088,105.25000759999999
144.6000061,80.0,0.84,0.0,0.8629476509999999,0.0088,71.75
144.6000061,80.0,1.01,0.0,0.8629476509999999,0.0088,73.5
144.6000061,80.0,1.09,0.0,0.8629476509999999,0.0088,72.75
144.6000061,80.0,1.26,0.0,0.8629476509999999,0.0088,74.25
144.6000061,80.0,1.34,0.0,0.8629476509999999,0.0088,75.0
144.6000061,80.0,1.41,0.0,0.8629476509999999,0.0088,75.5
144.6000061,80.0,1.51,0.0,0.8629476509999999,0.0088,76.5
144.6000061,80.0,1.59,0.0,0.8629476509999999,0.0088,77.0
144.6000061,80.0,1.67,0.0,0.8629476509999999,0.0088,77.75
144.6000061,80.0,1.76,0.0,0.8629476509999999,0.0088,78.5
144.6000061,80.0,1.84,0.0,0.8629476509999999,0.0088,79.0
144.6000061,80.0,1.93,0.0,0.8629476509999999,0.0088,79.75
144.6000061,80.0,2.01,0.0,0.8629476509999999,0.0088,80.25
144.6000061,80.0,2.26,0.0,0.8629476509999999,0.0088,79.5
144.6000061,80.0,2.43,0.0,0.8629476509999999,0.0088,80.25
144.6000061,80.0,2.51,0.0,0.8629476509999999,0.0088,80.75000763
144.6000061,80.0,2.59,0.0,0.8629476509999999,0.0088,81.00000763
144.6000061,80.0,2.68,2.773676688,0.8629476509999999,0.0088,79.0
144.6000061,80.0,2.76,2.696630114,0.8629476509999999,0.0088,79.25
144.6000061,80.0,2.84,2.623748219,0.8629476509999999,0.0088,79.5
144.6000061,80.0,2.93,2.538004813,0.8629476509999999,0.0088,79.75
144.6000061,80.0,3.01,2.47334227,0.8629476509999999,0.0088,80.0
144.6000061,80.0,3.08,4.321307903,0.8629476509999999,0.0088,77.75
144.6000061,80.0,3.18,4.1911480260000005,0.8629476509999999,0.0088,77.75
144.6000061,80.0,3.33,3.998451565,0.8629476509999999,0.0088,78.25
144.6000061,80.0,3.51,3.8018064060000003,0.8629476509999999,0.0088,78.5
144.6000061,80.0,3.6,3.7006945339999997,0.8629476509999999,0.0088,78.75
144.6000061,80.0,3.68,5.561799703999999,0.8629476509999999,0.0088,76.25
144.6000061,80.0,3.76,5.448293587,0.8629476509999999,0.0088,76.5
144.6000061,80.0,3.85,5.312763896,0.8629476509999999,0.0088,76.5
144.6000061,80.0,3.93,5.20910021,0.8629476509999999,0.0088,76.5
144.6000061,80.0,4.01,5.109404513,0.8629476509999999,0.0088,76.75
144.6000061,80.0,4.1,6.65336787,0.8629476509999999,0.0088,76.75
144.6000061,80.0,4.18,6.531287726,0.8629476509999999,0.0088,77.0
144.6000061,80.0,4.35,6.272337992000001,0.8629476509999999,0.0088,77.5
144.6000061,80.0,4.5,6.0588115920000005,0.8629476509999999,0.0088,77.75
144.6000061,80.0,4.6,5.932586351,0.8629476509999999,0.0088,78.0
144.6000061,80.0,4.68,7.69202703,0.8629476509999999,0.0088,78.25
144.6000061,80.0,4.85,7.41839761,0.8629476509999999,0.0088,78.5
144.6000061,80.0,4.93,7.302936169,0.8629476509999999,0.0088,78.75
144.6000061,40.0,0.92,0.0,0.8629476509999999,0.0088,105.25000759999999
236.89999390000003,1.0,0.09,0.0,0.55189392,0.0088,236.0
236.89999390000003,1.0,0.34,4.887682794,0.55189392,0.0088,236.0
236.89999390000003,1.0,0.02,0.0,0.55189392,0.0088,236.0
123.0,80.0,4.85,5.479197215,0.45974113,0.0088,46.00000381
123.0,80.0,4.75,5.589664901,0.45974113,0.0088,46.00000381
123.0,90.0,0.92,0.0,0.45974113,0.0088,37.25
123.0,60.0,0.92,0.0,0.45974113,0.0088,63.25000381
123.0,90.0,0.76,0.0,0.45974113,0.0088,35.25
123.0,60.0,0.76,0.0,0.45974113,0.0088,63.00000381
123.0,90.0,0.17,0.0,0.45974113,0.0088,33.5
123.0,80.0,4.93,5.393917881,0.45974113,0.0088,46.00000381
123.0,90.0,0.42,0.0,0.45974113,0.0088,34.25
123.0,60.0,0.42,0.0,0.45974113,0.0088,63.00000381
123.0,90.0,0.34,0.0,0.45974113,0.0088,34.25
123.0,60.0,0.34,0.0,0.45974113,0.0088,63.00000381
123.0,90.0,0.27,0.0,0.45974113,0.0088,33.5
123.0,90.0,0.17,0.0,0.45974113,0.0088,33.25
123.0,90.0,0.09,0.0,0.45974113,0.0088,33.0
123.0,90.0,0.02,0.0,0.45974113,0.0088,33.0
123.0,84.0,0.34,0.0,0.45974113,0.0088,40.0
123.0,84.0,0.09,0.0,0.45974113,0.0088,39.0
123.0,80.0,0.42,0.0,0.45974113,0.0088,43.50000381
123.0,88.0,0.34,0.0,0.45974113,0.0088,36.25
123.0,92.0,0.34,0.0,0.45974113,0.0088,32.5
123.0,96.0,0.34,0.0,0.45974113,0.0088,29.25
123.0,80.0,0.34,0.0,0.45974113,0.0088,43.25000381
123.0,60.0,0.17,0.0,0.45974113,0.0088,63.00000381
123.0,68.0,1.09,0.0,0.45974113,0.0088,56.5
123.0,68.0,0.59,0.0,0.45974113,0.0088,55.5
123.0,88.0,0.09,0.0,0.45974113,0.0088,35.0
123.0,60.0,0.27,0.0,0.45974113,0.0088,63.00000381
123.0,60.0,0.09,0.0,0.45974113,0.0088,63.00000381
123.0,60.0,0.02,0.0,0.45974113,0.0088,63.00000381
123.0,76.0,1.09,0.0,0.45974113,0.0088,49.25
123.0,76.0,0.59,0.0,0.45974113,0.0088,48.0
123.0,80.0,0.27,0.0,0.45974113,0.0088,43.25000381
123.0,80.0,0.17,0.0,0.45974113,0.0088,43.00000381
123.0,80.0,0.09,0.0,0.45974113,0.0088,43.00000381
123.0,80.0,0.02,0.0,0.45974113,0.0088,43.00000381
123.0,96.0,0.09,0.0,0.45974113,0.0088,27.25
123.0,84.0,1.09,0.0,0.45974113,0.0088,42.5
123.0,84.0,0.59,0.0,0.45974113,0.0088,40.5
123.0,92.0,1.09,0.0,0.45974113,0.0088,36.25
123.0,92.0,0.09,0.0,0.45974113,0.0088,31.25
123.0,92.0,0.59,0.0,0.45974113,0.0088,33.75
123.0,60.0,0.52,0.0,0.45974113,0.0088,63.00000381
123.0,80.0,0.52,0.0,0.45974113,0.0088,43.75000381
123.0,60.0,0.59,0.0,0.45974113,0.0088,63.00000381
123.0,80.0,0.59,0.0,0.45974113,0.0088,44.00000381
123.0,60.0,1.09,0.0,0.45974113,0.0088,63.50000381
123.0,80.0,1.09,0.0,0.45974113,0.0088,45.50000381
123.0,1.0,0.09,0.0,0.45974113,0.0088,122.0
123.0,96.0,0.59,0.0,0.45974113,0.0088,30.25
123.0,76.0,1.59,1.327959875,0.45974113,0.0088,50.25
123.0,84.0,1.59,1.327959875,0.45974113,0.0088,44.0
123.0,92.0,1.59,1.327959875,0.45974113,0.0088,38.0
123.0,88.0,0.59,0.0,0.45974113,0.0088,37.0
123.0,68.0,1.59,1.327959875,0.45974113,0.0088,57.25
123.0,80.0,0.67,0.0,0.45974113,0.0088,43.75000381
123.0,60.0,0.67,0.0,0.45974113,0.0088,63.00000381
123.0,90.0,0.52,0.0,0.45974113,0.0088,34.75
123.0,90.0,0.59,0.0,0.45974113,0.0088,35.25
123.0,90.0,0.67,0.0,0.45974113,0.0088,35.0
123.0,80.0,0.76,0.0,0.45974113,0.0088,44.00000381
123.0,80.0,0.84,0.0,0.45974113,0.0088,44.75000381
123.0,80.0,0.92,0.0,0.45974113,0.0088,45.25000381
123.0,80.0,1.01,0.0,0.45974113,0.0088,45.75000381
123.0,80.0,1.19,1.777752735,0.45974113,0.0088,45.50000381
123.0,80.0,1.26,1.670010145,0.45974113,0.0088,45.50000381
123.0,80.0,1.34,1.574580994,0.45974113,0.0088,45.75000381
123.0,80.0,1.41,1.4923494919999998,0.45974113,0.0088,46.00000381
123.0,80.0,1.51,1.395198349,0.45974113,0.0088,46.25000381
123.0,80.0,1.59,1.327959875,0.45974113,0.0088,46.50000381
123.0,80.0,1.67,1.266904248,0.45974113,0.0088,45.25000381
123.0,80.0,1.76,3.594152269,0.45974113,0.0088,46.00000381
123.0,80.0,1.84,3.444395925,0.45974113,0.0088,46.25000381
123.0,80.0,1.93,3.273881275,0.45974113,0.0088,46.25000381
123.0,80.0,2.01,3.149161988,0.45974113,0.0088,46.50000381
123.0,80.0,2.09,3.0335964110000004,0.45974113,0.0088,46.50000381
123.0,80.0,2.18,3.8673919160000003,0.45974113,0.0088,46.25000381
123.0,80.0,2.26,3.7362938839999997,0.45974113,0.0088,46.25000381
123.0,80.0,2.34,3.613792446,0.45974113,0.0088,46.50000381
123.0,80.0,2.43,3.471517153,0.45974113,0.0088,46.50000381
123.0,80.0,2.51,3.3655166289999996,0.45974113,0.0088,46.50000381
123.0,80.0,2.59,3.265797618,0.45974113,0.0088,46.75000381
123.0,80.0,2.68,3.149161988,0.45974113,0.0088,46.75000381
123.0,80.0,2.76,4.5925279,0.45974113,0.0088,46.00000381
123.0,80.0,2.84,4.468405524,0.45974113,0.0088,46.00000381
123.0,80.0,2.93,4.3223792,0.45974113,0.0088,46.25000381
123.0,80.0,3.01,4.212254889,0.45974113,0.0088,46.25000381
123.0,80.0,3.08,4.107602593999999,0.45974113,0.0088,46.25000381
123.0,80.0,3.18,4.647859561000001,0.45974113,0.0088,46.00000381
123.0,80.0,3.26,4.53849816,0.45974113,0.0088,46.00000381
123.0,80.0,3.33,4.434164869,0.45974113,0.0088,46.00000381
123.0,80.0,3.43,4.310305515,0.45974113,0.0088,46.25000381
123.0,80.0,3.51,4.216091187,0.45974113,0.0088,46.25000381
123.0,80.0,3.6,4.1039611019999995,0.45974113,0.0088,46.25000381
123.0,80.0,3.68,4.018461912,0.45974113,0.0088,46.25000381
123.0,80.0,3.76,5.169297499,0.45974113,0.0088,45.50000381
123.0,80.0,3.85,5.040708008999999,0.45974113,0.0088,45.50000381
123.0,80.0,3.93,4.94235273,0.45974113,0.0088,45.50000381
123.0,80.0,4.01,4.8477622469999995,0.45974113,0.0088,45.50000381
123.0,80.0,4.1,4.734496774,0.45974113,0.0088,45.75000381
123.0,80.0,4.18,5.192116948,0.45974113,0.0088,45.75000381
123.0,80.0,4.27,5.07570177,0.45974113,0.0088,45.75000381
123.0,80.0,4.35,4.986262091,0.45974113,0.0088,45.75000381
123.0,80.0,4.42,4.902952019,0.45974113,0.0088,45.75000381
123.0,80.0,4.5,4.816516999,0.45974113,0.0088,45.75000381
123.0,80.0,4.6,4.716172895,0.45974113,0.0088,46.00000381
123.0,80.0,4.68,4.638858585,0.45974113,0.0088,46.00000381
123.0,92.0,0.02,0.0,0.45974113,0.0088,31.0
123.0,94.0,0.02,0.0,0.45974113,0.0088,29.0
123.0,96.0,0.02,0.0,0.45974113,0.0088,27.0
123.0,98.0,0.02,0.0,0.45974113,0.0088,25.25
123.0,60.0,0.84,0.0,0.45974113,0.0088,63.25000381
123.0,98.0,0.09,0.0,0.45974113,0.0088,25.5
123.0,1.0,0.34,0.0,0.45974113,0.0088,122.0
123.0,88.0,0.84,0.0,0.45974113,0.0088,38.25
123.0,92.0,0.84,0.0,0.45974113,0.0088,35.0
123.0,96.0,0.84,0.0,0.45974113,0.0088,32.0
123.0,90.0,0.84,0.0,0.45974113,0.0088,36.5
123.0,94.0,0.09,0.0,0.45974113,0.0088,29.25
123.0,84.0,0.84,0.0,0.45974113,0.0088,41.5
123.0,90.0,0.02,0.0,0.45974113,0.0088,33.0
123.0,90.0,0.09,0.0,0.45974113,0.0088,33.25
123.0,80.0,0.34,0.0,0.45974113,0.0088,43.75
123.0,80.0,0.59,0.0,0.45974113,0.0088,44.25
123.0,80.0,0.84,0.0,0.45974113,0.0088,45.0
123.0,1.0,0.02,0.0,0.45974113,0.0088,122.0
123.0,92.0,0.17,0.0,0.45974113,0.0088,31.5
123.0,94.0,0.17,0.0,0.45974113,0.0088,29.75
123.0,96.0,0.17,0.0,0.45974113,0.0088,28.0
123.0,98.0,0.17,0.0,0.45974113,0.0088,26.0
189.53999330000002,80.0,0.02,0.0,0.532785327,0.0088,109.50000759999999
189.53999330000002,98.0,0.17,0.0,0.532785327,0.0088,92.25
189.53999330000002,98.0,0.09,0.0,0.532785327,0.0088,91.5
189.53999330000002,98.0,0.02,0.0,0.532785327,0.0088,91.5
189.53999330000002,76.0,0.34,0.0,0.532785327,0.0088,114.25
189.53999330000002,96.0,0.34,0.0,0.532785327,0.0088,94.75
189.53999330000002,92.0,0.34,0.0,0.532785327,0.0088,98.5
189.53999330000002,88.0,0.34,0.0,0.532785327,0.0088,102.5
189.53999330000002,84.0,0.34,0.0,0.532785327,0.0088,106.5
189.53999330000002,80.0,0.34,0.0,0.532785327,0.0088,110.25
189.53999330000002,80.0,0.34,0.0,0.532785327,0.0088,109.50000759999999
189.53999330000002,80.0,0.09,0.0,0.532785327,0.0088,109.5
189.53999330000002,84.0,0.09,0.0,0.532785327,0.0088,105.5
189.53999330000002,92.0,0.09,0.0,0.532785327,0.0088,97.5
189.53999330000002,88.0,0.09,0.0,0.532785327,0.0088,101.5
189.53999330000002,84.0,1.09,1.102788301,0.532785327,0.0088,107.75
189.53999330000002,76.0,1.09,1.102788301,0.532785327,0.0088,115.25
189.53999330000002,84.0,0.59,1.013853761,0.532785327,0.0088,106.5
189.53999330000002,76.0,0.59,1.013853761,0.532785327,0.0088,114.25
189.53999330000002,96.0,0.09,0.0,0.532785327,0.0088,93.5
189.53999330000002,80.0,0.27,0.0,0.532785327,0.0088,109.50000759999999
189.53999330000002,92.0,1.09,1.102788301,0.532785327,0.0088,100.25
189.53999330000002,92.0,0.59,1.013853761,0.532785327,0.0088,98.75
189.53999330000002,80.0,0.17,0.0,0.532785327,0.0088,109.50000759999999
189.53999330000002,80.0,0.09,0.0,0.532785327,0.0088,109.50000759999999
189.53999330000002,43.0,1.09,1.102788301,0.532785327,0.0088,146.5
189.53999330000002,1.0,0.09,0.0,0.532785327,0.0088,188.5
189.53999330000002,92.0,1.59,1.7671186030000001,0.532785327,0.0088,100.75
189.53999330000002,1.0,0.34,0.0,0.532785327,0.0088,188.5
189.53999330000002,96.0,0.59,1.013853761,0.532785327,0.0088,95.0
189.53999330000002,96.0,0.84,1.428612117,0.532785327,0.0088,96.0
189.53999330000002,1.0,0.02,0.0,0.532785327,0.0088,188.5
1630.599976,1.0,0.09,0.0,0.45754194299999995,0.0088,1629.5
1630.599976,1.0,0.34,7.437337852000001,0.45754194299999995,0.0088,1629.5
1630.599976,1.0,0.02,0.0,0.45754194299999995,0.0088,1629.5
309.10000610000003,1.0,0.09,0.0,0.46974721799999997,0.0088,308.0
309.10000610000003,1.0,0.34,0.0,0.46974721799999997,0.0088,308.0
309.10000610000003,1.0,0.02,0.0,0.46974721799999997,0.0088,308.0
241.3000031,84.0,1.09,6.926298245,0.622847722,0.0088,157.25
241.3000031,84.0,0.59,9.061897708,0.622847722,0.0088,157.75
241.3000031,92.0,1.09,6.926298245,0.622847722,0.0088,149.5
241.3000031,92.0,0.59,9.061897708,0.622847722,0.0088,149.75
241.3000031,1.0,0.09,0.0,0.622847722,0.0088,240.25
241.3000031,1.0,0.34,0.0,0.622847722,0.0088,240.25
241.3000031,1.0,0.02,0.0,0.622847722,0.0088,240.25
